timestamp,no2,no
2021-07-01 00:00:00,4.4546213284733405,0.4288150880179362
2021-07-01 01:00:00,4.116859990922983,0.0879107045102927
2021-07-01 02:00:00,4.276864898269267,0.2612370139423223
2021-07-01 03:00:00,4.5294453048127785,1.015281260684878
2021-07-01 04:00:00,5.879582952126562,3.182384156683283
2021-07-01 05:00:00,9.027528023933897,8.526503821275089
2021-07-01 06:00:00,11.072595995966594,12.045714383233207
2021-07-01 07:00:00,10.381722069249706,11.19533837709689
2021-07-01 08:00:00,11.487791074752748,13.337841746406635
2021-07-01 09:00:00,11.164334938450049,13.16189590682886
2021-07-01 10:00:00,9.850917952789768,12.024212232615382
2021-07-01 11:00:00,8.678270171958328,11.025812180801672
2021-07-01 12:00:00,9.263562724672752,11.974768513072709
2021-07-01 13:00:00,7.326819689213174,8.38306743262051
2021-07-01 14:00:00,8.214287222509794,9.541240703329112
2021-07-01 15:00:00,7.447920870492773,8.391487008364193
2021-07-01 16:00:00,6.876500448308565,6.703296016512486
2021-07-01 17:00:00,7.14618458933019,6.462085110748816
2021-07-01 18:00:00,7.501938071478225,6.085974936541668
2021-07-01 19:00:00,9.245100358174046,6.237951148804054
2021-07-01 20:00:00,8.29827345071053,4.393798087098583
2021-07-01 21:00:00,8.07350033569793,4.02143188700548
2021-07-01 22:00:00,6.656794239141689,2.817868871601952
2021-07-01 23:00:00,5.484712786333727,1.333521949755978
2021-07-02 00:00:00,5.1739814758729565,0.9864544965234554
2021-07-02 01:00:00,4.594929872011132,0.0097507992573611
2021-07-02 02:00:00,4.940559741012372,0.8054647613495387
2021-07-02 03:00:00,5.452277289226963,1.7535256267342891
2021-07-02 04:00:00,6.7378307658572325,3.917329987212365
2021-07-02 05:00:00,9.72166439233204,8.696675241425723
2021-07-02 06:00:00,11.34295040263274,11.692364874866312
2021-07-02 07:00:00,10.864933353634564,11.47364707158661
2021-07-02 08:00:00,11.89039935662804,13.6822087473269
2021-07-02 09:00:00,11.640352802456407,14.066723870937274
2021-07-02 10:00:00,9.776770506883096,12.312606012340714
2021-07-02 11:00:00,10.842151718756384,14.172675828062609
2021-07-02 12:00:00,8.073509255807636,9.982292371347135
2021-07-02 13:00:00,7.603816252004634,8.723966916684006
2021-07-02 14:00:00,7.915032253414646,7.604092227402633
2021-07-02 15:00:00,9.033714415726866,9.342734315688585
2021-07-02 16:00:00,10.097346621733571,11.055081305740492
2021-07-02 17:00:00,7.55577937937613,7.111972095673664
2021-07-02 18:00:00,9.02049916120354,7.676136293593531
2021-07-02 19:00:00,11.03564749516948,8.80724576158797
2021-07-02 20:00:00,8.205143146388757,4.2561812214579735
2021-07-02 21:00:00,7.953713691269019,3.878593577769122
2021-07-02 22:00:00,6.64438303115659,2.6184719779213204
2021-07-02 23:00:00,5.588378852541894,1.2916514121366092
2021-07-03 00:00:00,4.984343672522279,0.5339716896422413
2021-07-03 01:00:00,4.5406052286241945,0.0
2021-07-03 02:00:00,4.166585373408225,0.0
2021-07-03 03:00:00,4.522449568672148,0.0
2021-07-03 04:00:00,4.333459525248188,0.0
2021-07-03 05:00:00,5.814945066346386,1.9145485572857623
2021-07-03 06:00:00,5.98229158354717,2.308330347254344
2021-07-03 07:00:00,7.821679474213518,5.625999700276129
2021-07-03 08:00:00,7.877064672844048,6.695391901829524
2021-07-03 09:00:00,7.360546918569696,6.834182875209173
2021-07-03 10:00:00,4.1277242976164885,4.356804406867913
2021-07-03 11:00:00,4.249632092272538,5.463675574623562
2021-07-03 12:00:00,4.1877476770531565,4.431381414898664
2021-07-03 13:00:00,4.506646132300887,4.2028841585077
2021-07-03 14:00:00,5.08873742775052,4.132954641277814
2021-07-03 15:00:00,4.667533002475459,3.381619324152733
2021-07-03 16:00:00,4.473750834678903,2.998772215510204
2021-07-03 17:00:00,5.419659616510867,4.043737593331165
2021-07-03 18:00:00,5.675170585762686,4.149084192979798
2021-07-03 19:00:00,7.863501407323355,4.975437185962463
2021-07-03 20:00:00,8.489766103514285,4.398321085907291
2021-07-03 21:00:00,7.4651673678530095,3.2810468664695964
2021-07-03 22:00:00,6.770245684507774,2.8787866448968025
2021-07-03 23:00:00,5.944028013619395,1.6632775400030724
2021-07-04 00:00:00,5.064135216996938,0.6503936394019316
2021-07-04 01:00:00,4.659637476704212,0.2213244242645018
2021-07-04 02:00:00,4.203495788104359,0.0
2021-07-04 03:00:00,4.114615401780714,0.0
2021-07-04 04:00:00,4.349964680885847,0.0
2021-07-04 05:00:00,4.342204296113497,0.0
2021-07-04 06:00:00,5.184721400732208,1.6547070040811231
2021-07-04 07:00:00,7.020463075083828,4.926880556620336
2021-07-04 08:00:00,6.13498934070223,4.800144910211184
2021-07-04 09:00:00,5.011017414217083,4.417850713966246
2021-07-04 10:00:00,4.078364641114469,4.95748308041987
2021-07-04 11:00:00,4.719506444892502,6.628691136142752
2021-07-04 12:00:00,4.1294400193966645,4.424931023881228
2021-07-04 13:00:00,4.715918806774564,4.76279239522594
2021-07-04 14:00:00,4.919563886233789,3.787405490895688
2021-07-04 15:00:00,6.397598084970749,5.93281362811166
2021-07-04 16:00:00,5.378053323918927,4.104161638912052
2021-07-04 17:00:00,4.391101312305054,2.88235705285662
2021-07-04 18:00:00,6.701647001972187,5.229721333900014
2021-07-04 19:00:00,10.645519223772444,8.643789319060032
2021-07-04 20:00:00,9.7931574551815,5.661550689346701
2021-07-04 21:00:00,8.181443984055477,3.7559186808983593
2021-07-04 22:00:00,6.900422318677691,2.618237551939492
2021-07-04 23:00:00,6.462516751061777,2.384861180739436
2021-07-05 00:00:00,6.231271977806411,1.89829203605364
2021-07-05 01:00:00,6.455791501580933,2.3154071196821158
2021-07-05 02:00:00,4.486084653204543,0.0
2021-07-05 03:00:00,4.744119583038458,0.0
2021-07-05 04:00:00,4.531924473626127,0.0
2021-07-05 05:00:00,5.155213270606382,1.1307615863707898
2021-07-05 06:00:00,5.766856233109976,2.3095975572760405
2021-07-05 07:00:00,6.788887389258136,4.3714680049364
2021-07-05 08:00:00,6.876656211718775,5.0157623820073445
2021-07-05 09:00:00,5.9705779230420895,5.116753084120543
2021-07-05 10:00:00,5.360663030721689,4.817974527085739
2021-07-05 11:00:00,5.248578170213442,6.094767428145348
2021-07-05 12:00:00,4.0404343969794425,3.8904174286850015
2021-07-05 13:00:00,4.379792236311225,3.925589265693459
2021-07-05 14:00:00,5.079572248455957,4.1954213685026325
2021-07-05 15:00:00,4.665271995384529,3.1765647471196843
2021-07-05 16:00:00,5.370842259563638,3.5214924535807084
2021-07-05 17:00:00,6.458119820693895,4.716960956810642
2021-07-05 18:00:00,7.625317192589286,4.486884352911387
2021-07-05 19:00:00,7.924390546057925,3.811699228726342
2021-07-05 20:00:00,7.315351630697705,2.647222144741259
2021-07-05 21:00:00,6.39008536878346,1.5964946025941789
2021-07-05 22:00:00,5.979511363543715,1.092527076046915
2021-07-05 23:00:00,5.591674137264295,0.8949331921702406
2021-07-06 00:00:00,4.759738514712254,0.0
2021-07-06 01:00:00,4.635053621240999,0.0
2021-07-06 02:00:00,4.915609630168039,0.0
2021-07-06 03:00:00,5.914967099024846,1.5472100071049564
2021-07-06 04:00:00,6.503387488733402,3.2397984768435
2021-07-06 05:00:00,8.155553059269106,5.937801019533559
2021-07-06 06:00:00,11.02894876613828,10.662503786152104
2021-07-06 07:00:00,10.74543624230924,10.225577304880424
2021-07-06 08:00:00,13.340037055859716,14.5062555337159
2021-07-06 09:00:00,12.465765561583844,13.729410120237263
2021-07-06 10:00:00,12.16667904258478,14.076836900943
2021-07-06 11:00:00,16.37194211327292,20.466907199537296
2021-07-06 12:00:00,7.52014899760745,9.043149049324926
2021-07-06 13:00:00,9.84677664849106,11.563396818784454
2021-07-06 14:00:00,6.882703256249712,6.56619787005508
2021-07-06 15:00:00,7.881294406680478,7.710513342040413
2021-07-06 16:00:00,8.872031865289156,8.893967918680387
2021-07-06 17:00:00,6.813682193442592,5.407786492445947
2021-07-06 18:00:00,6.617394625807496,4.686016953808473
2021-07-06 19:00:00,7.693851656851763,4.933601225262812
2021-07-06 20:00:00,7.319968104280754,1.8821483088634583
2021-07-06 21:00:00,6.441841613588981,1.576651454888962
2021-07-06 22:00:00,6.493929304094241,2.052301464553804
2021-07-06 23:00:00,6.239405259878037,1.6275197339803429
2021-07-07 00:00:00,5.208016039840089,0.1493518199894214
2021-07-07 01:00:00,4.7515223563165065,0.0
2021-07-07 02:00:00,4.801703514820115,0.0
2021-07-07 03:00:00,5.269548638166803,0.7115736591252677
2021-07-07 04:00:00,6.450943787552866,2.686281468348448
2021-07-07 05:00:00,8.073274694677146,5.399690115656257
2021-07-07 06:00:00,10.605705679921709,9.710413553124052
2021-07-07 07:00:00,12.32852751587184,12.612668703665626
2021-07-07 08:00:00,13.864446743838446,15.131249215996506
2021-07-07 09:00:00,14.018334322516758,15.738854621806992
2021-07-07 10:00:00,11.879638292515107,12.970513928856578
2021-07-07 11:00:00,12.057179310316611,13.434348445096692
2021-07-07 12:00:00,11.987073351796122,14.091273297834586
2021-07-07 13:00:00,14.512335750129244,18.123619363414008
2021-07-07 14:00:00,9.583532300079773,11.400751215830429
2021-07-07 15:00:00,9.839196133392438,11.150043323672588
2021-07-07 16:00:00,9.176568336791282,10.118626557056425
2021-07-07 17:00:00,7.093020005220026,6.667553854209717
2021-07-07 18:00:00,6.300374147267824,4.667024515286072
2021-07-07 19:00:00,7.983311805535468,5.147977031496842
2021-07-07 20:00:00,8.85418647520697,3.802692833988024
2021-07-07 21:00:00,8.586877223483302,3.912759718209072
2021-07-07 22:00:00,6.929356851653534,1.933654345013208
2021-07-07 23:00:00,6.079405185144626,1.002209065394165
2021-07-08 00:00:00,5.282300307919751,0.0
2021-07-08 01:00:00,4.993519950634187,0.0
2021-07-08 02:00:00,4.985925185170814,0.0783515572820174
2021-07-08 03:00:00,5.954732262032156,1.5257421241344549
2021-07-08 04:00:00,8.717217862226592,5.960548759340459
2021-07-08 05:00:00,10.016526769593526,8.388629363975898
2021-07-08 06:00:00,12.566688393206046,12.445358989445698
2021-07-08 07:00:00,13.823756043245607,14.828532563166128
2021-07-08 08:00:00,13.029670252789057,14.773062525012625
2021-07-08 09:00:00,9.521001207381586,12.214224199010063
2021-07-08 10:00:00,11.793340257192664,15.097664163794535
2021-07-08 11:00:00,14.365034870302123,18.62310592089896
2021-07-08 12:00:00,11.072603713388116,14.914672631164567
2021-07-08 13:00:00,7.8418182405038035,11.11420079439378
2021-07-08 14:00:00,1.2933182386294888,1.6921214942576874
2021-07-08 15:00:00,0.1941090300437977,0.0834587701001243
2021-07-08 16:00:00,0.6917865848526787,0.7201467524271798
2021-07-08 17:00:00,2.367871613926056,2.616974655334661
2021-07-08 18:00:00,2.4911841611075083,2.060970925078765
2021-07-08 19:00:00,4.744064163675674,2.710677212866001
2021-07-08 20:00:00,8.684515183778773,3.3857976305532063
2021-07-08 21:00:00,9.01470637548318,2.701582137654308
2021-07-08 22:00:00,9.048064922761723,3.37260480816826
2021-07-08 23:00:00,8.689718082331314,3.0363981409358267
2021-07-09 00:00:00,8.564757703583247,3.255866373673342
2021-07-09 01:00:00,7.215684535203625,1.7728632495378758
2021-07-09 02:00:00,6.206213051403125,0.8188190448952515
2021-07-09 03:00:00,6.517427364101675,1.3170089338278554
2021-07-09 04:00:00,5.5468477573381705,0.4620239079930854
2021-07-09 05:00:00,5.368107358186332,0.432724157677617
2021-07-09 06:00:00,5.557200955322472,1.5196452657056572
2021-07-09 07:00:00,7.2680355143856445,7.930501526814988
2021-07-09 08:00:00,7.05980206149292,8.981933525002615
2021-07-09 09:00:00,7.870473959545677,10.674893784075168
2021-07-09 10:00:00,5.447357297715662,8.31894919438763
2021-07-09 11:00:00,4.003478161620613,6.48997760721554
2021-07-09 12:00:00,2.877464593280955,3.74272021189358
2021-07-09 13:00:00,2.3678470474021225,2.272265129932115
2021-07-09 14:00:00,2.872527693072886,2.599918303240191
2021-07-09 15:00:00,1.7745566961935282,1.19724742948595
2021-07-09 16:00:00,1.6243503318931012,2.128118093282012
2021-07-09 17:00:00,6.704089839211232,8.476332725025374
2021-07-09 18:00:00,15.106646338918948,18.59601113550889
2021-07-09 19:00:00,16.0750591681349,16.551802990780974
2021-07-09 20:00:00,12.62339897600684,8.104098223339237
2021-07-09 21:00:00,10.24276766355527,4.563031490223761
2021-07-09 22:00:00,9.181049632010854,3.941259377497909
2021-07-09 23:00:00,8.219868106311512,2.776220896535948
2021-07-10 00:00:00,6.906964081541162,1.181703235690044
2021-07-10 01:00:00,5.925895460434077,0.0576776157534144
2021-07-10 02:00:00,5.338069298863672,0.0
2021-07-10 03:00:00,6.8308644866128745,1.94675782000882
2021-07-10 04:00:00,6.2934719639415135,1.3089076168967413
2021-07-10 05:00:00,7.568540428446973,3.154576353016582
2021-07-10 06:00:00,8.673019900183569,6.330522848596264
2021-07-10 07:00:00,8.540070780755775,8.929961031463737
2021-07-10 08:00:00,8.637852889500987,10.288276089013587
2021-07-10 09:00:00,8.394028512518062,10.319825760402416
2021-07-10 10:00:00,7.120436249764047,9.071973514369684
2021-07-10 11:00:00,7.193229593133367,9.344995399986626
2021-07-10 12:00:00,7.753301151839672,10.42153588491373
2021-07-10 13:00:00,8.619970103903178,11.567152068498794
2021-07-10 14:00:00,5.879974124265495,7.317672659709057
2021-07-10 15:00:00,4.717921600603589,5.665334003498122
2021-07-10 16:00:00,2.4578196592706973,1.655743888762748
2021-07-10 17:00:00,7.189325662383329,7.7021051383955585
2021-07-10 18:00:00,5.528171888073981,4.454545149517083
2021-07-10 19:00:00,9.769370995531863,8.616814453707859
2021-07-10 20:00:00,10.53493967613813,5.569097671589528
2021-07-10 21:00:00,11.243088468924563,6.084695012814977
2021-07-10 22:00:00,9.89009155691118,4.885352398914154
2021-07-10 23:00:00,8.107844692156778,2.606857347541654
2021-07-11 00:00:00,6.104638171764734,0.1897134665408923
2021-07-11 01:00:00,5.483304618286553,0.0
2021-07-11 02:00:00,5.403164301687035,0.0
2021-07-11 03:00:00,5.220412136159517,0.0
2021-07-11 04:00:00,6.159226467409759,1.213960573436573
2021-07-11 05:00:00,6.798856754437779,2.054009690470955
2021-07-11 06:00:00,5.658250320640107,1.2735440655735228
2021-07-11 07:00:00,6.967757120472399,3.6517509705065816
2021-07-11 08:00:00,7.320644994362112,5.02287060165121
2021-07-11 09:00:00,7.694581141875268,7.5999945416342465
2021-07-11 10:00:00,6.392429233133839,7.453381140455024
2021-07-11 11:00:00,5.79829279333017,6.390023268256543
2021-07-11 12:00:00,5.588967522353361,5.113643771463404
2021-07-11 13:00:00,6.030920032916711,4.648548213079344
2021-07-11 14:00:00,6.553705714304527,5.145347485437714
2021-07-11 15:00:00,6.233383548908833,5.045656128977122
2021-07-11 16:00:00,6.699077422530984,5.71510968149124
2021-07-11 17:00:00,7.181834219792062,5.387574314591277
2021-07-11 18:00:00,6.9010184595848365,4.817941321470292
2021-07-11 19:00:00,9.49358330006912,5.510137003564326
2021-07-11 20:00:00,7.864638568040638,1.9930277849075375
2021-07-11 21:00:00,7.419739263106365,1.988203503088352
2021-07-11 22:00:00,6.332346246948863,0.6728794504337525
2021-07-11 23:00:00,5.621469672822236,0.0
2021-07-12 00:00:00,5.121849941544568,0.0
2021-07-12 01:00:00,4.893643220972521,0.0
2021-07-12 02:00:00,4.733129559044375,0.0
2021-07-12 03:00:00,4.7841381969245305,0.0
2021-07-12 04:00:00,7.413427893254802,3.5206167884733475
2021-07-12 05:00:00,8.461093320567569,5.351431687463887
2021-07-12 06:00:00,10.273698506491908,8.42634822773043
2021-07-12 07:00:00,12.141603400051949,11.747954027577393
2021-07-12 08:00:00,12.439195190714836,12.83201251746535
2021-07-12 09:00:00,11.343157525907412,11.714018127575972
2021-07-12 10:00:00,10.911194202251856,10.923680403422969
2021-07-12 11:00:00,10.817085893335124,11.070935988799116
2021-07-12 12:00:00,8.17830107761646,9.133473245306876
2021-07-12 13:00:00,8.326307957280424,9.16831136605597
2021-07-12 14:00:00,10.023665349378025,10.300620247256475
2021-07-12 15:00:00,10.132298295642364,10.02536183339178
2021-07-12 16:00:00,10.773964924187233,10.673276814583753
2021-07-12 17:00:00,9.672338808548291,8.830950929766066
2021-07-12 18:00:00,9.24587482311408,5.683609638468831
2021-07-12 19:00:00,9.61524849629283,5.329146287584466
2021-07-12 20:00:00,8.823341607114747,4.085094926463139
2021-07-12 21:00:00,7.026984223296068,1.6062792911540775
2021-07-12 22:00:00,6.064886383235866,0.7029877217717964
2021-07-12 23:00:00,4.834107448620774,0.0
2021-07-13 00:00:00,4.559076656687118,0.0
2021-07-13 01:00:00,4.397739156924388,0.0
2021-07-13 02:00:00,4.395235124491357,0.0
2021-07-13 03:00:00,5.214004105838914,0.1926831468446259
2021-07-13 04:00:00,6.91204798444404,3.0345764768931813
2021-07-13 05:00:00,8.33040915353075,5.537754047592613
2021-07-13 06:00:00,9.745040709681476,7.971808190960544
2021-07-13 07:00:00,11.12008623273844,10.403288277705956
2021-07-13 08:00:00,13.230413650543,14.188347283020589
2021-07-13 09:00:00,12.03646617115633,12.744839817416084
2021-07-13 10:00:00,10.823094285614816,11.713436357585962
2021-07-13 11:00:00,9.372343783456312,10.64893800794798
2021-07-13 12:00:00,7.599539412923729,8.007173366394898
2021-07-13 13:00:00,8.16223377506901,8.273111959189485
2021-07-13 14:00:00,9.325734181703778,8.872346485455383
2021-07-13 15:00:00,7.723607148504598,6.812933548021464
2021-07-13 16:00:00,8.184195544263316,6.990506620358021
2021-07-13 17:00:00,8.492817929703126,7.294076756237136
2021-07-13 18:00:00,7.579160220740576,5.581134991150048
2021-07-13 19:00:00,8.506327292135062,4.621397196518689
2021-07-13 20:00:00,7.866905862775773,2.6623682808043814
2021-07-13 21:00:00,7.351590680936717,2.083515221747356
2021-07-13 22:00:00,6.891758081357025,2.0656623953866893
2021-07-13 23:00:00,5.683795702742124,0.4826361217123054
2021-07-14 00:00:00,5.49645430237322,0.4726941651579288
2021-07-14 01:00:00,4.678898040896364,0.0
2021-07-14 02:00:00,5.100553787199267,0.0386754017475592
2021-07-14 03:00:00,5.849930245875054,1.481133399451572
2021-07-14 04:00:00,7.399527656520235,3.955520308471189
2021-07-14 05:00:00,9.017982564641974,6.703117557137391
2021-07-14 06:00:00,12.35139899118026,11.764811741278288
2021-07-14 07:00:00,13.738075808806624,14.145082386029276
2021-07-14 08:00:00,14.992851095785872,16.612619680798794
2021-07-14 09:00:00,13.450664908340716,15.609479009008638
2021-07-14 10:00:00,7.664691429270952,9.859954986082224
2021-07-14 11:00:00,8.574545661527036,10.852042453712825
2021-07-14 12:00:00,5.839110066157932,6.175116114540911
2021-07-14 13:00:00,8.891898665181092,9.83636801901577
2021-07-14 14:00:00,9.14526482752634,9.353278237277376
2021-07-14 15:00:00,8.406323184886503,8.583663357582074
2021-07-14 16:00:00,9.581154324135229,10.180512309346552
2021-07-14 17:00:00,8.563393541609775,7.933279764733818
2021-07-14 18:00:00,9.549410924506464,8.225229052024943
2021-07-14 19:00:00,10.778750084724091,8.278652564555825
2021-07-14 20:00:00,10.212765731651569,5.298702654067606
2021-07-14 21:00:00,9.014586169038877,4.0507175590745215
2021-07-14 22:00:00,7.234419667432981,1.908816717270425
2021-07-14 23:00:00,5.847285481642576,0.2731006863553968
2021-07-15 00:00:00,5.165371686199741,0.0
2021-07-15 01:00:00,4.994598321635991,0.0
2021-07-15 02:00:00,5.414701253467783,0.0
2021-07-15 03:00:00,5.657117215776157,0.0
2021-07-15 04:00:00,7.123567766594292,2.6140004323792425
2021-07-15 05:00:00,8.120750342986078,4.542608907767093
2021-07-15 06:00:00,10.59546032516478,8.851632567163854
2021-07-15 07:00:00,11.859524998035576,11.175117898922776
2021-07-15 08:00:00,12.884382706686596,13.72756337665374
2021-07-15 09:00:00,11.364243448289107,12.466390070660957
2021-07-15 10:00:00,8.934722663669964,10.285196792499436
2021-07-15 11:00:00,8.602044724579018,9.49470739828088
2021-07-15 12:00:00,8.516483817749723,8.054757278080855
2021-07-15 13:00:00,9.512103421465792,9.101221355057511
2021-07-15 14:00:00,10.04676279061844,10.029973823032826
2021-07-15 15:00:00,8.62092065841614,7.790311981900358
2021-07-15 16:00:00,8.770238339256883,7.54847322556655
2021-07-15 17:00:00,8.195460957455559,6.145327178670303
2021-07-15 18:00:00,9.22664926918519,5.217061806484001
2021-07-15 19:00:00,8.642511213358318,3.551092379570308
2021-07-15 20:00:00,7.886252601198194,2.3196974015089262
2021-07-15 21:00:00,7.445108506596778,2.197905554226735
2021-07-15 22:00:00,6.13763779619433,0.4191403668427522
2021-07-15 23:00:00,5.729387026058326,0.073531038359496
2021-07-16 00:00:00,5.063845379505491,0.0
2021-07-16 01:00:00,4.770858434306952,0.0
2021-07-16 02:00:00,4.593479563500004,0.0
2021-07-16 03:00:00,5.438683134911958,0.6840742960192951
2021-07-16 04:00:00,6.683066625873984,2.6290311694828405
2021-07-16 05:00:00,9.238547553764452,6.8115794201194415
2021-07-16 06:00:00,11.556976438181472,10.617377366834267
2021-07-16 07:00:00,12.253805143318312,11.811431536111655
2021-07-16 08:00:00,14.501342283697031,16.01953741057364
2021-07-16 09:00:00,8.76232772909787,8.518263470943198
2021-07-16 10:00:00,6.423653766003255,7.700607170130452
2021-07-16 11:00:00,5.850869628511777,7.164155364826873
2021-07-16 12:00:00,4.972027356536945,5.061361441966636
2021-07-16 13:00:00,6.576176484388252,6.914020291225021
2021-07-16 14:00:00,10.077113086934592,10.889433602953387
2021-07-16 15:00:00,10.572963153838725,11.607022217414936
2021-07-16 16:00:00,7.204198860670381,7.973738658713472
2021-07-16 17:00:00,10.126611977990088,11.0455411238182
2021-07-16 18:00:00,8.722524720828709,8.309968310599144
2021-07-16 19:00:00,10.200379714977032,7.41249621928507
2021-07-16 20:00:00,11.156299175480232,5.873182115408192
2021-07-16 21:00:00,8.6351154605232,2.306307418863886
2021-07-16 22:00:00,7.682872778340531,1.555064618334633
2021-07-16 23:00:00,7.573910652554087,2.337987546741804
2021-07-17 00:00:00,6.385500903805401,0.5770021763057862
2021-07-17 01:00:00,6.058473789064276,0.2358210752730993
2021-07-17 02:00:00,6.010123656948011,0.8372292386115401
2021-07-17 03:00:00,6.181846984612911,0.947955646730236
2021-07-17 04:00:00,6.809610080994318,1.8658976948177584
2021-07-17 05:00:00,7.711989070907354,3.42773424392149
2021-07-17 06:00:00,4.667450547435241,0.0
2021-07-17 07:00:00,5.094659013375477,1.9320822472195167
2021-07-17 08:00:00,3.6392987297282815,3.52309223119614
2021-07-17 09:00:00,6.486018861587549,7.888425819606209
2021-07-17 10:00:00,7.1381391166526384,8.701760619216838
2021-07-17 11:00:00,5.4032758448159335,5.961446137065266
2021-07-17 12:00:00,3.690170063599727,3.658485320194569
2021-07-17 13:00:00,1.6729459256499446,0.5825028898557338
2021-07-17 14:00:00,2.857437468821214,0.7875623818258148
2021-07-17 15:00:00,2.215314823531028,0.8633519427586744
2021-07-17 16:00:00,2.334963536581135,0.6776895321432193
2021-07-17 17:00:00,4.7820691641600455,3.5764555964682945
2021-07-17 18:00:00,7.835531126262845,7.456573544796979
2021-07-17 19:00:00,13.017692019228225,12.27133140600164
2021-07-17 20:00:00,11.965754319997824,7.778634886801637
2021-07-17 21:00:00,9.16895558953441,3.336788385151414
2021-07-17 22:00:00,8.039828295808915,2.429526820667133
2021-07-17 23:00:00,7.28080697297856,1.835072803032608
2021-07-18 00:00:00,6.150439033024881,0.4770163069284567
2021-07-18 01:00:00,8.275653738097379,3.367398303260777
2021-07-18 02:00:00,8.582576932032213,4.375046141757313
2021-07-18 03:00:00,8.097223798545512,3.1283056033916328
2021-07-18 04:00:00,6.839495450496713,1.441013880973232
2021-07-18 05:00:00,5.528276075927646,0.0665953548171263
2021-07-18 06:00:00,5.547290594773095,0.5194009735637461
2021-07-18 07:00:00,5.572806563494012,3.924039149636913
2021-07-18 08:00:00,4.5662218579722165,4.8311493023228085
2021-07-18 09:00:00,9.07081630773146,11.261250979877593
2021-07-18 10:00:00,4.877586396019243,6.487156949590598
2021-07-18 11:00:00,2.7770345251882347,3.44263286894152
2021-07-18 12:00:00,2.240491989083324,2.3067220891376508
2021-07-18 13:00:00,1.3888274487456016,1.045340896941065
2021-07-18 14:00:00,2.125835127134792,1.84089005600919
2021-07-18 15:00:00,2.622324844347609,2.1581088382357203
2021-07-18 16:00:00,3.407333039292837,2.991176981725733
2021-07-18 17:00:00,4.466138358395824,3.0836939336467104
2021-07-18 18:00:00,5.588558783638476,3.19516491528581
2021-07-18 19:00:00,7.337256186050446,3.335291753130692
2021-07-18 20:00:00,7.539213550152905,0.6914727801127949
2021-07-18 21:00:00,7.69368003768944,0.6288623380526257
2021-07-18 22:00:00,6.350720784556849,0.0
2021-07-18 23:00:00,6.417925351171515,0.0
2021-07-19 00:00:00,7.568620040617791,1.6349991597673217
2021-07-19 01:00:00,6.138374022659722,0.3505074378447617
2021-07-19 02:00:00,5.81154486081385,0.0280350338631389
2021-07-19 03:00:00,6.086271945828081,0.4023152252164763
2021-07-19 04:00:00,5.805368171581812,0.2489047570002522
2021-07-19 05:00:00,7.385386279938924,2.5839722112198613
2021-07-19 06:00:00,7.962616235133964,3.72985101671878
2021-07-19 07:00:00,8.097561435008638,7.80716698487166
2021-07-19 08:00:00,9.050875068922092,10.368097454532965
2021-07-19 09:00:00,5.947762926587377,6.92270189836027
2021-07-19 10:00:00,4.912670470802517,6.313115924650345
2021-07-19 11:00:00,5.012936692065889,5.373674921180632
2021-07-19 12:00:00,7.132624890970213,8.966254746772458
2021-07-19 13:00:00,10.46092947424563,13.150296972173695
2021-07-19 14:00:00,14.261178296694643,17.318941052190226
2021-07-19 15:00:00,10.728589902923805,12.513573858143095
2021-07-19 16:00:00,11.651191845362211,13.286998331648295
2021-07-19 17:00:00,11.457536769063369,11.788180654203408
2021-07-19 18:00:00,10.796441509872242,10.23335731723919
2021-07-19 19:00:00,11.48374123931186,9.557921571726451
2021-07-19 20:00:00,10.2046072801611,4.9641214845316615
2021-07-19 21:00:00,8.43665591628169,2.7378833508459106
2021-07-19 22:00:00,7.781711469820717,2.647136003047833
2021-07-19 23:00:00,6.466180699329104,1.263230513712834
2021-07-20 00:00:00,5.383459036350374,0.0
2021-07-20 01:00:00,5.5282521537486105,0.2034943969786837
2021-07-20 02:00:00,5.981199872903389,0.8508295568218642
2021-07-20 03:00:00,6.054490238202302,1.5625523109228627
2021-07-20 04:00:00,7.301646246484744,3.745757436171511
2021-07-20 05:00:00,10.23673092068963,8.134034405697314
2021-07-20 06:00:00,14.315874385627865,14.957758038663028
2021-07-20 07:00:00,12.2680752980978,12.513818872552172
2021-07-20 08:00:00,13.21951850144432,14.322737433629786
2021-07-20 09:00:00,13.656567652412503,15.570040720581012
2021-07-20 10:00:00,11.134952632375864,13.013517346927364
2021-07-20 11:00:00,9.912160014147492,11.7205828426131
2021-07-20 12:00:00,11.024019984092869,13.0818782818132
2021-07-20 13:00:00,9.37460608309976,10.416466022653916
2021-07-20 14:00:00,8.814199052217877,8.960931215066115
2021-07-20 15:00:00,9.70227474617558,10.83419762040855
2021-07-20 16:00:00,9.70190159885759,10.288005311354889
2021-07-20 17:00:00,8.864678940568881,8.713331175115906
2021-07-20 18:00:00,8.0389224462435,6.85569965787466
2021-07-20 19:00:00,9.914969327885007,7.774289338697715
2021-07-20 20:00:00,9.705087387375992,5.053458697941723
2021-07-20 21:00:00,9.479990680239965,4.972238234394286
2021-07-20 22:00:00,5.916250267331456,0.0
2021-07-20 23:00:00,5.511372757702482,0.0
2021-07-21 00:00:00,6.715820729270138,1.744296677522387
2021-07-21 01:00:00,6.289691539946912,1.2568145904269752
2021-07-21 02:00:00,5.892800956155316,0.7795011840529078
2021-07-21 03:00:00,6.385518444532412,1.6140474162720473
2021-07-21 04:00:00,7.706263020562808,3.8575928909602055
2021-07-21 05:00:00,9.117659490964003,6.742780788172094
2021-07-21 06:00:00,10.41978241009712,9.05090112665734
2021-07-21 07:00:00,11.798928148620467,11.816347686727807
2021-07-21 08:00:00,12.621805125493664,14.127581211803443
2021-07-21 09:00:00,11.533460927531468,14.174132297132395
2021-07-21 10:00:00,9.411623053398287,11.610582316730104
2021-07-21 11:00:00,8.867346661312787,10.820525649739723
2021-07-21 12:00:00,7.405915050473983,8.534407079463058
2021-07-21 13:00:00,8.82187042224848,9.933778414125085
2021-07-21 14:00:00,12.72491640581836,15.018389981613907
2021-07-21 15:00:00,9.762379288142528,11.018004971679003
2021-07-21 16:00:00,8.973602871673716,9.852558632243474
2021-07-21 17:00:00,9.287507003176568,10.063987269001563
2021-07-21 18:00:00,8.207564541673108,7.653102552231882
2021-07-21 19:00:00,10.109936223430925,8.169700985238316
2021-07-21 20:00:00,10.373688038211174,4.983937298758709
2021-07-21 21:00:00,8.730268637659051,2.472549775783011
2021-07-21 22:00:00,7.515248856395519,1.3574495936141595
2021-07-21 23:00:00,7.043667449505769,1.2779609310091669
2021-07-22 00:00:00,5.856191483123393,0.0
2021-07-22 01:00:00,5.979698164739872,0.16127891685991
2021-07-22 02:00:00,7.064872722219782,1.96061717459288
2021-07-22 03:00:00,7.966324678044835,4.023312306763902
2021-07-22 04:00:00,8.290539431661752,4.694007859269558
2021-07-22 05:00:00,11.124883305256308,9.260751927834558
2021-07-22 06:00:00,15.248266119232708,15.808463496270624
2021-07-22 07:00:00,15.898779817432263,17.920400552987644
2021-07-22 08:00:00,15.017537540409712,17.275872460177563
2021-07-22 09:00:00,13.16865454936723,15.963683898763463
2021-07-22 10:00:00,9.33475071828075,11.09623898826528
2021-07-22 11:00:00,10.97673118626959,13.25768462731624
2021-07-22 12:00:00,9.14163052733974,10.23340247442546
2021-07-22 13:00:00,8.596846683953954,8.909510668948274
2021-07-22 14:00:00,13.839619877636675,15.821822008338357
2021-07-22 15:00:00,8.469839436953915,8.362286984123514
2021-07-22 16:00:00,8.040652355455393,7.728324962688069
2021-07-22 17:00:00,7.142700334886769,6.813660014263991
2021-07-22 18:00:00,6.312543006963416,4.652858016506796
2021-07-22 19:00:00,9.79820494766323,7.57577448621088
2021-07-22 20:00:00,9.62541974998855,4.064181048406293
2021-07-22 21:00:00,8.820070067509533,2.962889469193036
2021-07-22 22:00:00,7.643238266114491,1.9556865513216608
2021-07-22 23:00:00,6.94192171768546,1.0527254251437466
2021-07-23 00:00:00,7.06179353438969,1.1980520575367226
2021-07-23 01:00:00,7.234045022644338,1.749329052623624
2021-07-23 02:00:00,7.262732173170729,1.8049192902094475
2021-07-23 03:00:00,7.316049838333647,1.8484676788873315
2021-07-23 04:00:00,9.41163480898363,5.3554370620531575
2021-07-23 05:00:00,15.609713910620606,15.99282492048862
2021-07-23 06:00:00,12.103012865155511,10.616824065227677
2021-07-23 07:00:00,6.961401792613074,6.492158952350344
2021-07-23 08:00:00,15.21663568912042,18.645270193209623
2021-07-23 09:00:00,13.181127127686468,16.763463425901854
2021-07-23 10:00:00,14.553354247862291,18.705255816153905
2021-07-23 11:00:00,8.319409304280601,11.003438291367504
2021-07-23 12:00:00,4.070292221170053,4.517639652074347
2021-07-23 13:00:00,1.4843057051731137,0.3310009683793691
2021-07-23 14:00:00,2.7298539203592758,1.3286020429858283
2021-07-23 15:00:00,2.2220578097113237,0.231013431197594
2021-07-23 16:00:00,2.9292661348417184,0.6785912087526516
2021-07-23 17:00:00,3.699851992444693,1.3256158556738118
2021-07-23 18:00:00,5.901276563496722,2.7350894715820324
2021-07-23 19:00:00,6.882560212403423,2.465868215152292
2021-07-23 20:00:00,7.078049568585275,0.0
2021-07-23 21:00:00,5.613356505943592,0.0
2021-07-23 22:00:00,6.407004337246924,0.0
2021-07-23 23:00:00,5.934857246609056,0.0
2021-07-24 00:00:00,6.696732009657289,0.7376129531402871
2021-07-24 01:00:00,6.58665799353221,1.2538441092461134
2021-07-24 02:00:00,6.646634425690976,1.3746972594202234
2021-07-24 03:00:00,6.939842324591893,2.096192125612575
2021-07-24 04:00:00,5.9083676266939165,0.6367205874032766
2021-07-24 05:00:00,7.274612968837573,2.783129537271151
2021-07-24 06:00:00,8.532287623167441,4.99154829742786
2021-07-24 07:00:00,6.111985126294826,2.0107975455240554
2021-07-24 08:00:00,6.015662000015638,4.997927314192319
2021-07-24 09:00:00,4.645115857974794,4.582927372503976
2021-07-24 10:00:00,4.041574835641018,4.825819133878103
2021-07-24 11:00:00,4.081865919789944,4.59932240005131
2021-07-24 12:00:00,2.800755778563669,2.452366509646528
2021-07-24 13:00:00,2.3234244102940598,1.6336422447073602
2021-07-24 14:00:00,2.539849867526552,0.9211425844654196
2021-07-24 15:00:00,2.2788905873115866,0.3665558453282376
2021-07-24 16:00:00,1.8089670177247896,0.3849997032106174
2021-07-24 17:00:00,3.2390007143322066,1.4187756720328224
2021-07-24 18:00:00,4.820109010878504,2.126356238261133
2021-07-24 19:00:00,6.054588702690012,2.2552180277026777
2021-07-24 20:00:00,6.773743933227355,0.0
2021-07-24 21:00:00,6.781602200862327,0.0
2021-07-24 22:00:00,5.805517541369184,0.0
2021-07-24 23:00:00,6.450489919533581,0.8179441076709946
2021-07-25 00:00:00,7.944214070591252,3.6193297237024975
2021-07-25 01:00:00,5.742328164767763,0.7715914461766626
2021-07-25 02:00:00,5.374064248810676,0.5833224049375634
2021-07-25 03:00:00,5.4011360297186926,0.5042868880602942
2021-07-25 04:00:00,5.5032343528924414,0.7796700972081769
2021-07-25 05:00:00,5.563992049721044,1.1638520609413714
2021-07-25 06:00:00,6.822835327106887,3.2928455938108385
2021-07-25 07:00:00,7.315605700151408,4.459252640375343
2021-07-25 08:00:00,8.068395652142911,6.699281303449755
2021-07-25 09:00:00,8.651332001097156,9.62910257084864
2021-07-25 10:00:00,6.646439930771525,8.6564540198341
2021-07-25 11:00:00,5.383368300784486,7.614670804051326
2021-07-25 12:00:00,2.877532303605108,4.502368303179956
2021-07-25 13:00:00,2.578717569387784,2.62271609105806
2021-07-25 14:00:00,3.7239379768912393,2.801686626345689
2021-07-25 15:00:00,3.975833530680312,3.4952301564528705
2021-07-25 16:00:00,4.050557154735067,3.839956860461888
2021-07-25 17:00:00,3.0319745015359807,1.6326401411320255
2021-07-25 18:00:00,4.773095158022912,2.356057505744489
2021-07-25 19:00:00,7.43213839394355,3.8456492225119057
2021-07-25 20:00:00,10.209322029083117,5.028867368945504
2021-07-25 21:00:00,8.913105863598776,3.129485513289664
2021-07-25 22:00:00,6.045393439038946,0.0
2021-07-25 23:00:00,5.480895192473355,0.0
2021-07-26 00:00:00,5.728088579708146,0.3495823214728268
2021-07-26 01:00:00,5.7547110448305006,0.7445920182784818
2021-07-26 02:00:00,5.475981972498303,0.6081374119620246
2021-07-26 03:00:00,7.175607125738459,3.329466280497153
2021-07-26 04:00:00,7.985444800757435,4.988631096646076
2021-07-26 05:00:00,12.130971100388155,11.250742639547552
2021-07-26 06:00:00,14.210918753619923,14.989699869526696
2021-07-26 07:00:00,14.096007713086196,15.31866239602303
2021-07-26 08:00:00,13.40115691833601,15.525672950612323
2021-07-26 09:00:00,9.745837145723048,10.89024773278163
2021-07-26 10:00:00,15.0317500989493,17.360260673895517
2021-07-26 11:00:00,13.702396639101137,16.54326813600582
2021-07-26 12:00:00,11.82006898064384,14.672964311920875
2021-07-26 13:00:00,7.611706565679132,9.631661231918743
2021-07-26 14:00:00,10.441516751764908,12.96893722943923
2021-07-26 15:00:00,9.605505720303023,10.354869493176665
2021-07-26 16:00:00,9.611867974480266,9.992417884598655
2021-07-26 17:00:00,10.270317951991272,10.355107164683943
2021-07-26 18:00:00,6.336986409201455,3.0599339214599928
2021-07-26 19:00:00,8.127008099438338,5.0340606687297935
2021-07-26 20:00:00,8.013514178855111,2.79416114900555
2021-07-26 21:00:00,7.839634917159682,2.7556531345160407
2021-07-26 22:00:00,4.915296400104474,0.0
2021-07-26 23:00:00,4.291503258738516,0.0
2021-07-27 00:00:00,4.345046712505614,0.0
2021-07-27 01:00:00,4.288878723422776,0.0
2021-07-27 02:00:00,4.443723975919021,0.0
2021-07-27 03:00:00,5.127233952437372,0.4119926948523176
2021-07-27 04:00:00,5.273804160205643,0.8337753338920368
2021-07-27 05:00:00,4.292182344244964,0.0
2021-07-27 06:00:00,7.557303158704286,4.344330143831598
2021-07-27 07:00:00,7.471484274599256,4.76945596604765
2021-07-27 08:00:00,10.285732601938967,9.421346337421792
2021-07-27 09:00:00,7.95906121659579,7.205212030748346
2021-07-27 10:00:00,5.959505393679656,7.4892426725147665
2021-07-27 11:00:00,5.739033723332113,7.720023407339382
2021-07-27 12:00:00,3.584467934368412,4.636541160169878
2021-07-27 13:00:00,9.65057718197525,12.45411874786796
2021-07-27 14:00:00,4.742702417241489,5.57358943746136
2021-07-27 15:00:00,3.467576377214506,4.528137262460028
2021-07-27 16:00:00,4.136018288418349,4.14909304535804
2021-07-27 17:00:00,2.563011543759014,2.2050400912677333
2021-07-27 18:00:00,4.100248126307417,2.9190565281684124
2021-07-27 19:00:00,6.22548462591525,2.5519119673326878
2021-07-27 20:00:00,7.770831276199786,1.2600819203540825
2021-07-27 21:00:00,6.522407834254537,0.0
2021-07-27 22:00:00,5.048187927447209,0.0
2021-07-27 23:00:00,5.908705637315702,0.5067756239771839
2021-07-28 00:00:00,6.5935702258773645,1.93319080102352
2021-07-28 01:00:00,5.931560735113209,0.9996869564789002
2021-07-28 02:00:00,5.035469824143895,0.0
2021-07-28 03:00:00,5.82549704375727,0.7145353983464027
2021-07-28 04:00:00,6.913595276140335,3.152762951207132
2021-07-28 05:00:00,6.796706230120371,2.7914079498593587
2021-07-28 06:00:00,8.05742129847577,5.4701599728084656
2021-07-28 07:00:00,10.98237578041828,11.183634177231138
2021-07-28 08:00:00,9.73488494186848,11.361813736645168
2021-07-28 09:00:00,9.165261120653636,11.360634053599764
2021-07-28 10:00:00,16.93195661049831,21.11441445038482
2021-07-28 11:00:00,9.34228148280659,12.999513543962896
2021-07-28 12:00:00,9.073708859654822,12.5112687857516
2021-07-28 13:00:00,5.481868312122138,7.547458533583259
2021-07-28 14:00:00,4.932669394718506,6.277096925640809
2021-07-28 15:00:00,3.867576808428869,4.976086693133263
2021-07-28 16:00:00,9.670027887205151,11.914660969400868
2021-07-28 17:00:00,7.790164381074327,8.90263376573756
2021-07-28 18:00:00,6.773923599228372,6.397972594281762
2021-07-28 19:00:00,9.364467298219155,7.422961181545324
2021-07-28 20:00:00,9.424803789667587,3.9678908398403134
2021-07-28 21:00:00,7.425865886159965,0.4593795082153384
2021-07-28 22:00:00,6.432825669955282,0.0
2021-07-28 23:00:00,8.165420232420068,3.3970245932750265
2021-07-29 00:00:00,7.894679312026758,3.509580730471547
2021-07-29 01:00:00,6.426632112382844,1.6210845919344743
2021-07-29 02:00:00,5.600427909598874,0.8833226592158088
2021-07-29 03:00:00,7.325037916249961,3.929205140828792
2021-07-29 04:00:00,8.117667031935326,5.547047165499553
2021-07-29 05:00:00,9.962770337214302,8.439660998015125
2021-07-29 06:00:00,13.51142283195444,14.594937204112677
2021-07-29 07:00:00,13.3068535916021,15.772975120739652
2021-07-29 08:00:00,15.663747191916745,19.82629742850085
2021-07-29 09:00:00,14.515203869593169,18.42860805716714
2021-07-29 10:00:00,13.858001753556694,18.044122760508092
2021-07-29 11:00:00,13.446119273488446,17.93694574890153
2021-07-29 12:00:00,7.46874308750273,8.694449015663176
2021-07-29 13:00:00,2.655436513927061,3.631668251632078
2021-07-29 14:00:00,2.195506248907769,2.673252546028486
2021-07-29 15:00:00,1.7952332582451724,2.356014146097833
2021-07-29 16:00:00,0.988473383256629,1.31996425596018
2021-07-29 17:00:00,3.266860736542021,3.253560711770863
2021-07-29 18:00:00,3.8696898504938986,2.9038910354791696
2021-07-29 19:00:00,6.33344683346894,3.360120475474792
2021-07-29 20:00:00,7.415752091653349,1.9321670960153807
2021-07-29 21:00:00,8.935114409615567,4.302299753326038
2021-07-29 22:00:00,9.353216163066506,5.54195301198502
2021-07-29 23:00:00,8.152183234126635,4.018743634162851
2021-07-30 00:00:00,5.487179602294823,0.3977258096428553
2021-07-30 01:00:00,7.871712546349087,3.757567061408469
2021-07-30 02:00:00,7.825259006269984,3.8547572592913184
2021-07-30 03:00:00,6.270696542842906,2.168002548651794
2021-07-30 04:00:00,6.270641432847491,2.459480675608836
2021-07-30 05:00:00,10.83802551345898,9.774624340346184
2021-07-30 06:00:00,12.778639918274546,13.194178222476758
2021-07-30 07:00:00,13.984530226129934,15.431953373067207
2021-07-30 08:00:00,13.590236811539734,15.55537953795816
2021-07-30 09:00:00,12.753430332108016,15.702546410838853
2021-07-30 10:00:00,10.682193212596406,14.08571148619123
2021-07-30 11:00:00,12.697055059838668,16.580915052261666
2021-07-30 12:00:00,5.986016560432574,7.93218774547897
2021-07-30 13:00:00,5.487304369513744,7.466541965100474
2021-07-30 14:00:00,4.292247915057136,4.741326093495447
2021-07-30 15:00:00,2.54357934192727,1.9444462188135576
2021-07-30 16:00:00,5.81750677731678,6.729662865644505
2021-07-30 17:00:00,8.414102659997935,9.492965010761711
2021-07-30 18:00:00,8.113257795680555,7.529856695105527
2021-07-30 19:00:00,9.510414686101267,7.087131239220796
2021-07-30 20:00:00,8.208614661096597,2.6129066188238923
2021-07-30 21:00:00,7.822276305704211,3.07097677752963
2021-07-30 22:00:00,8.088227771264828,4.292689398123132
2021-07-30 23:00:00,4.8048358292849045,0.0
2021-07-31 00:00:00,4.407875127685315,0.0
2021-07-31 01:00:00,6.230362947874756,2.481980298666815
2021-07-31 02:00:00,4.956127593441089,0.9347958339349614
2021-07-31 03:00:00,4.556261095101277,0.902762214774075
2021-07-31 04:00:00,5.042775072469372,1.6144213280681845
2021-07-31 05:00:00,7.202645144194339,4.753188662908181
2021-07-31 06:00:00,5.447772930278209,2.3315409939778897
2021-07-31 07:00:00,9.897930505696523,9.69488088342012
2021-07-31 08:00:00,6.896437306133713,6.221012877724566
2021-07-31 09:00:00,4.937593518629313,5.835440799947338
2021-07-31 10:00:00,3.793150465676821,5.445657196047135
2021-07-31 11:00:00,2.970918579259777,4.1644880212618105
2021-07-31 12:00:00,2.2721449824096425,2.4551187032240644
2021-07-31 13:00:00,1.9912065456466337,1.874249529730835
2021-07-31 14:00:00,3.9389559811260426,3.5832478206108997
2021-07-31 15:00:00,4.512967930694181,3.878629578780547
2021-07-31 16:00:00,4.569985652220456,3.781767963107644
2021-07-31 17:00:00,5.899301590365692,3.723966664534904
2021-07-31 18:00:00,8.191169616805421,4.749920344078576
2021-07-31 19:00:00,10.505494951263904,4.751906812168777
2021-07-31 20:00:00,7.969025219493687,0.0
2021-07-31 21:00:00,5.849986200123443,0.0
2021-07-31 22:00:00,5.163081708501824,0.0
2021-07-31 23:00:00,4.142021535394175,0.0
2021-08-01 00:00:00,4.415871043360845,0.0
2021-08-01 01:00:00,3.95780535702502,0.0
2021-08-01 02:00:00,3.775693435649949,0.0
2021-08-01 03:00:00,5.003288790942779,0.2918841979436291
2021-08-01 04:00:00,8.057609177541735,2.675007549038668
2021-08-01 05:00:00,7.807095441522733,3.128670643560447
2021-08-01 06:00:00,6.872710470884151,2.905393733886611
2021-08-01 07:00:00,6.285676091169389,2.502510728710323
2021-08-01 08:00:00,6.759206020242061,4.865129045516971
2021-08-01 09:00:00,5.30239358146644,6.206860887335912
2021-08-01 10:00:00,5.742598002712501,8.773838708839735
2021-08-01 11:00:00,4.797557880313626,7.697782192493781
2021-08-01 12:00:00,3.711313120648139,5.707502474317652
2021-08-01 13:00:00,3.922586730100559,5.073552441067822
2021-08-01 14:00:00,4.976899620242378,4.671376450638548
2021-08-01 15:00:00,4.416747913672953,3.4873065293267294
2021-08-01 16:00:00,4.96198888844593,4.05128720779138
2021-08-01 17:00:00,5.992980379409328,4.493689888804623
2021-08-01 18:00:00,8.364327094160913,5.651386162497745
2021-08-01 19:00:00,9.22536171412118,6.141717032267831
2021-08-01 20:00:00,11.62639378561107,4.537638604281518
2021-08-01 21:00:00,11.424188349396786,4.575630783567417
2021-08-01 22:00:00,8.776140056460036,2.441190575747072
2021-08-01 23:00:00,7.860386592149872,1.5699834685479388
2021-08-02 00:00:00,7.4204294641978095,1.3703197822630244
2021-08-02 01:00:00,4.917972856148804,0.0
2021-08-02 02:00:00,4.571594810096226,0.0
2021-08-02 03:00:00,5.254362966500828,0.5181453144446291
2021-08-02 04:00:00,6.666211989593734,2.5908428630185654
2021-08-02 05:00:00,9.96294405134509,7.044235950788261
2021-08-02 06:00:00,13.550751592709393,13.217063467381372
2021-08-02 07:00:00,13.00619043487357,13.585846099768528
2021-08-02 08:00:00,14.30268074367619,17.00734694896037
2021-08-02 09:00:00,8.200399019498953,11.979393029192916
2021-08-02 10:00:00,7.714655786131626,11.279111011176916
2021-08-02 11:00:00,8.22432359047125,11.642531199167678
2021-08-02 12:00:00,9.768486901848563,13.630472035685957
2021-08-02 13:00:00,8.04883331149967,11.198046824250495
2021-08-02 14:00:00,7.955671276687763,10.22334542851011
2021-08-02 15:00:00,8.413813566167551,10.179492780993646
2021-08-02 16:00:00,8.680006313071246,10.32699854720129
2021-08-02 17:00:00,10.721445764654224,10.590640089015915
2021-08-02 18:00:00,11.3230750194727,10.6511289987709
2021-08-02 19:00:00,12.0390462973895,9.11433363046662
2021-08-02 20:00:00,11.065156242733757,4.119104515780723
2021-08-02 21:00:00,9.563311570722815,0.598905803399699
2021-08-02 22:00:00,8.776965793252852,0.8449194655247272
2021-08-02 23:00:00,7.52987093682389,0.0
2021-08-03 00:00:00,7.280346017114411,0.0
2021-08-03 01:00:00,6.704127244129452,0.0
2021-08-03 02:00:00,5.661449288963468,0.0
2021-08-03 03:00:00,6.668183764345805,0.4766622591779814
2021-08-03 04:00:00,8.256172311336464,3.781602373276351
2021-08-03 05:00:00,9.895051617999584,5.960011255700591
2021-08-03 06:00:00,12.595937040568876,10.510230054282186
2021-08-03 07:00:00,11.377274267250922,9.151015568316204
2021-08-03 08:00:00,12.05116971731551,11.052949450129251
2021-08-03 09:00:00,14.891837671484156,16.114351765767815
2021-08-03 10:00:00,11.415190512368074,14.59303729596285
2021-08-03 11:00:00,11.523876464618343,14.157604946633278
2021-08-03 12:00:00,11.815292937398008,14.543772126660686
2021-08-03 13:00:00,10.186038339548736,12.089078330947984
2021-08-03 14:00:00,12.852355571314996,14.833081910433876
2021-08-03 15:00:00,10.07830429594816,11.507877277983903
2021-08-03 16:00:00,7.577999931134713,8.657822858232118
2021-08-03 17:00:00,11.113806085435431,12.857886168449523
2021-08-03 18:00:00,11.368865873572378,9.80354820073842
2021-08-03 19:00:00,12.318066895173452,6.590174104632028
2021-08-03 20:00:00,11.881995506210236,0.9720771878360104
2021-08-03 21:00:00,10.41139591417462,1.7039771733808935
2021-08-03 22:00:00,8.625677401919376,1.2857720706702196
2021-08-03 23:00:00,7.776701556814913,0.3032242460373489
2021-08-04 00:00:00,6.680710356848163,0.0
2021-08-04 01:00:00,5.722360280621899,0.0
2021-08-04 02:00:00,5.81801314750647,0.0
2021-08-04 03:00:00,6.820062154647381,1.0795480463618787
2021-08-04 04:00:00,8.316963702979905,3.840810913567372
2021-08-04 05:00:00,10.153306779133484,6.755716708790255
2021-08-04 06:00:00,11.437262325689666,9.223562823654726
2021-08-04 07:00:00,12.595261104193526,11.931128007298742
2021-08-04 08:00:00,13.529825652167958,13.6934662329524
2021-08-04 09:00:00,13.904499540078534,14.372299244336414
2021-08-04 10:00:00,14.24452218855308,15.201219165724943
2021-08-04 11:00:00,19.29375153276568,23.470339527987264
2021-08-04 12:00:00,14.463391685965732,17.22188018543756
2021-08-04 13:00:00,7.904810110741149,9.774562687286512
2021-08-04 14:00:00,9.646709442533137,10.047461716000443
2021-08-04 15:00:00,9.049456895947609,8.272577470054886
2021-08-04 16:00:00,8.712288562764236,7.718086130431172
2021-08-04 17:00:00,9.95800473956383,7.629985591362208
2021-08-04 18:00:00,11.876376057134188,7.776751124095048
2021-08-04 19:00:00,12.482004464723316,4.973600891384136
2021-08-04 20:00:00,9.831523073664124,2.2252532467667177
2021-08-04 21:00:00,10.12572946923432,2.9052168340594937
2021-08-04 22:00:00,9.316117676658266,1.855908450400076
2021-08-04 23:00:00,8.936977721793962,1.086910427654031
2021-08-05 00:00:00,8.250575086979204,0.3899013477016453
2021-08-05 01:00:00,8.355710681765043,0.1692395518319092
2021-08-05 02:00:00,7.943743196945412,0.0
2021-08-05 03:00:00,7.756928958291283,0.4783421698951908
2021-08-05 04:00:00,9.336379111533317,3.658176327322901
2021-08-05 05:00:00,11.54808259504141,7.987308657529284
2021-08-05 06:00:00,13.358126760033612,11.11572797920158
2021-08-05 07:00:00,14.45317107877899,13.346167951668695
2021-08-05 08:00:00,15.880342547679907,16.72907850338823
2021-08-05 09:00:00,17.085641625029297,18.883934018481064
2021-08-05 10:00:00,12.110422465202198,11.96250548624525
2021-08-05 11:00:00,9.185992582892322,9.928069089447767
2021-08-05 12:00:00,10.35441644246415,10.435774182677251
2021-08-05 13:00:00,8.419455405413167,8.929911794316338
2021-08-05 14:00:00,9.130956925357909,8.598786356744823
2021-08-05 15:00:00,9.661194242636109,8.185737411673975
2021-08-05 16:00:00,10.821641735698888,9.784852728034158
2021-08-05 17:00:00,12.633353366590889,10.50363789978719
2021-08-05 18:00:00,11.860249862519629,6.409217163697484
2021-08-05 19:00:00,12.247037576445663,6.048723145161706
2021-08-05 20:00:00,10.914071580798788,3.7085049597630135
2021-08-05 21:00:00,10.32316745077216,3.371117210761142
2021-08-05 22:00:00,9.05039248821274,2.2677170604586188
2021-08-05 23:00:00,9.3663215561942,3.709598881909377
2021-08-06 00:00:00,8.999482245619546,2.411623842590334
2021-08-06 01:00:00,6.949826877899227,0.0
2021-08-06 02:00:00,6.108127899445758,0.0
2021-08-06 03:00:00,7.825540065610831,1.3503964327143605
2021-08-06 04:00:00,8.942717428091747,3.16111227602985
2021-08-06 05:00:00,11.564724276960323,7.692501606498009
2021-08-06 06:00:00,12.291802857974606,9.931436038339346
2021-08-06 07:00:00,16.674649223516187,17.38706363743329
2021-08-06 08:00:00,17.178332614250856,19.54451762839796
2021-08-06 09:00:00,15.868902443885936,17.28915209450396
2021-08-06 10:00:00,14.62576757846923,16.50093852758937
2021-08-06 11:00:00,20.815418312251467,22.7365883104724
2021-08-06 12:00:00,15.216374883716805,18.12675874573284
2021-08-06 13:00:00,9.411454786468404,11.310918807988172
2021-08-06 14:00:00,3.679424968148812,1.8789781710322124
2021-08-06 15:00:00,6.0530566105537,5.182853431132481
2021-08-06 16:00:00,6.021922968018085,2.0403209559229563
2021-08-06 17:00:00,11.01171276407162,8.054084245886662
2021-08-06 18:00:00,14.157538692426003,9.039673903730977
2021-08-06 19:00:00,14.931239484272524,7.754063585624124
2021-08-06 20:00:00,13.364983909858898,4.9730297270661685
2021-08-06 21:00:00,14.37075841907516,7.0124044356884685
2021-08-06 22:00:00,9.690842318785537,1.8133897196441104
2021-08-06 23:00:00,8.552588627399139,0.8983519209785715
2021-08-07 00:00:00,8.022133976864172,0.3919419854796775
2021-08-07 01:00:00,8.236733645492183,0.4015186019507535
2021-08-07 02:00:00,7.018228704392861,0.0
2021-08-07 03:00:00,8.627465634691386,1.1614326072124594
2021-08-07 04:00:00,8.132882676335235,2.0023239840603875
2021-08-07 05:00:00,8.99089682552696,3.1776947988906485
2021-08-07 06:00:00,12.492530805546284,8.32765128378071
2021-08-07 07:00:00,15.12251177657507,12.881780715326492
2021-08-07 08:00:00,11.38976437339124,8.439023343625296
2021-08-07 09:00:00,9.560432401706144,6.834152043879071
2021-08-07 10:00:00,7.9107353503638365,7.401169223556792
2021-08-07 11:00:00,10.233070962193924,10.609216419421342
2021-08-07 12:00:00,7.149427505527392,6.930354972723363
2021-08-07 13:00:00,3.782661340314679,2.4270359599298468
2021-08-07 14:00:00,3.897926170918336,1.6322343136659132
2021-08-07 15:00:00,4.324978579924224,1.6214187225800902
2021-08-07 16:00:00,7.66417973874097,4.899718588435595
2021-08-07 17:00:00,7.780622232167147,4.598131181787164
2021-08-07 18:00:00,6.845061677009301,2.0804639953876354
2021-08-07 19:00:00,10.2033377150345,3.13831193874639
2021-08-07 20:00:00,11.20282412382064,0.1860199968623188
2021-08-07 21:00:00,8.00336552719267,0.0
2021-08-07 22:00:00,6.7942771466867775,0.0
2021-08-07 23:00:00,9.178118809328945,2.290386616036645
2021-08-08 00:00:00,9.990436647852498,3.192283504948961
2021-08-08 01:00:00,8.998038749977155,1.9897614758941435
2021-08-08 02:00:00,7.348794994017151,0.0020399065339322
2021-08-08 03:00:00,7.563528112082118,0.0
2021-08-08 04:00:00,5.985445921413923,0.0
2021-08-08 05:00:00,6.07590897994795,0.0
2021-08-08 06:00:00,6.671967241628909,0.0
2021-08-08 07:00:00,6.924505382908954,0.4757462991751051
2021-08-08 08:00:00,5.799309036474018,0.4453146627617546
2021-08-08 09:00:00,6.379817442059007,2.940057420877233
2021-08-08 10:00:00,3.955949941227757,4.63421431784797
2021-08-08 11:00:00,6.330911070468037,7.122270721843476
2021-08-08 12:00:00,3.3537210326689757,4.037396796817382
2021-08-08 13:00:00,3.879050174369148,3.83629276076568
2021-08-08 14:00:00,7.669541655391512,6.630504966196972
2021-08-08 15:00:00,8.314376716525505,5.663541910627384
2021-08-08 16:00:00,10.705956988077451,8.673733720276966
2021-08-08 17:00:00,12.29079872719217,9.646672846342373
2021-08-08 18:00:00,13.108017886921855,9.22824241773595
2021-08-08 19:00:00,17.024264864582044,12.2663235669019
2021-08-08 20:00:00,11.710998159742362,3.3288490053848623
2021-08-08 21:00:00,9.159390706583544,1.605649526182349
2021-08-08 22:00:00,6.68924594276843,1.034927815022865
2021-08-08 23:00:00,5.610451528340427,0.0
2021-08-09 00:00:00,5.941580600151699,0.0
2021-08-09 01:00:00,4.991663939585152,0.0
2021-08-09 02:00:00,6.247666986609133,0.6185315405539189
2021-08-09 03:00:00,7.081590106245223,2.232440889663687
2021-08-09 04:00:00,6.459266433059923,0.0
2021-08-09 05:00:00,15.772233208488045,14.252217916283922
2021-08-09 06:00:00,18.05808849252883,17.10861761245957
2021-08-09 07:00:00,16.106365388302123,15.772123691025106
2021-08-09 08:00:00,14.201508910459648,14.890894981694055
2021-08-09 09:00:00,10.254455774212715,12.78117257294775
2021-08-09 10:00:00,5.398375511751873,7.208127773649364
2021-08-09 11:00:00,2.9793387735133585,4.326383992369122
2021-08-09 12:00:00,4.993873619974867,6.104249044229504
2021-08-09 13:00:00,5.9721713900172375,7.532728359819595
2021-08-09 14:00:00,5.815919178723014,5.660163880076524
2021-08-09 15:00:00,9.673572127491724,10.76503340771835
2021-08-09 16:00:00,10.293219430762353,11.108040925771016
2021-08-09 17:00:00,9.419612354217495,9.46178899809706
2021-08-09 18:00:00,10.882040399697852,9.574121268623053
2021-08-09 19:00:00,11.921723831657252,7.766630692240976
2021-08-09 20:00:00,12.324382038289528,3.7718460225197568
2021-08-09 21:00:00,8.000010675211811,0.0
2021-08-09 22:00:00,7.523796248626624,0.0
2021-08-09 23:00:00,7.864021208891572,0.0
2021-08-10 00:00:00,5.13882268167503,0.0
2021-08-10 01:00:00,4.868612878370044,0.0
2021-08-10 02:00:00,5.261128326802595,0.0
2021-08-10 03:00:00,8.22639389953454,2.0302555549339374
2021-08-10 04:00:00,10.2938446105473,5.60423717121798
2021-08-10 05:00:00,11.69032492502468,8.930970590536457
2021-08-10 06:00:00,10.199838247075458,7.275357324060325
2021-08-10 07:00:00,11.675992101968582,10.35215750070514
2021-08-10 08:00:00,12.070332971931244,11.70187482487568
2021-08-10 09:00:00,10.889406745285497,14.012797010638574
2021-08-10 10:00:00,18.95290008980781,20.34766344995995
2021-08-10 11:00:00,14.710766026289074,18.503510318567933
2021-08-10 12:00:00,11.7327438971623,15.989586211542704
2021-08-10 13:00:00,4.734692528744411,8.847487299938727
2021-08-10 14:00:00,4.021075422016732,7.395767580808504
2021-08-10 15:00:00,2.1629810606339497,2.3945132816500507
2021-08-10 16:00:00,1.5086543827838526,0.5567965498091851
2021-08-10 17:00:00,1.634459237778792,0.860000442340235
2021-08-10 18:00:00,3.797297708116794,1.949311595893887
2021-08-10 19:00:00,6.742454257162464,0.8890261503151731
2021-08-10 20:00:00,8.357075903814504,0.0
2021-08-10 21:00:00,7.625754882456608,0.0
2021-08-10 22:00:00,7.884416128806023,0.0
2021-08-10 23:00:00,5.873856387725006,0.0
2021-08-11 00:00:00,5.275209683168942,0.0
2021-08-11 01:00:00,4.931208552531039,0.0
2021-08-11 02:00:00,5.796558673267207,0.0
2021-08-11 03:00:00,6.389957381187813,0.0617878806661718
2021-08-11 04:00:00,6.15370381622467,0.5331243114480344
2021-08-11 05:00:00,6.098980550881503,0.0
2021-08-11 06:00:00,9.12281853299698,2.6368909722948057
2021-08-11 07:00:00,10.12396439033591,9.791921147049296
2021-08-11 08:00:00,11.33035039901588,12.746229967570669
2021-08-11 09:00:00,14.545772149066485,17.294728794206698
2021-08-11 10:00:00,19.087229146837103,22.789502980615005
2021-08-11 11:00:00,6.649455563302329,9.795154828288176
2021-08-11 12:00:00,3.860716387285894,5.760921109732553
2021-08-11 13:00:00,1.6887337450834892,1.931759687362208
2021-08-11 14:00:00,2.601457725872436,2.801151643579784
2021-08-11 15:00:00,4.977680379555629,6.856340574341587
2021-08-11 16:00:00,12.5858535173649,16.266402254993316
2021-08-11 17:00:00,13.46124352343535,14.666320310552736
2021-08-11 18:00:00,11.415227655802362,9.154120300728067
2021-08-11 19:00:00,14.928319101697376,9.87968576617584
2021-08-11 20:00:00,10.326886227688895,3.1797578058122724
2021-08-11 21:00:00,10.422922478349228,3.8686358064668216
2021-08-11 22:00:00,9.091827510458463,2.7975240644453656
2021-08-11 23:00:00,7.624995592855875,1.6212979259321738
2021-08-12 00:00:00,7.833842310484592,2.066772063204388
2021-08-12 01:00:00,8.60708176623384,3.376666247368614
2021-08-12 02:00:00,7.39268070556971,2.737011543302008
2021-08-12 03:00:00,5.970934963914473,2.29640312104549
2021-08-12 04:00:00,7.50168058745777,4.997815307398428
2021-08-12 05:00:00,11.734807412670406,10.442504889115847
2021-08-12 06:00:00,12.392878087812967,12.306090007708193
2021-08-12 07:00:00,7.959987255948711,5.955801756304861
2021-08-12 08:00:00,11.41158457802031,13.154880115038312
2021-08-12 09:00:00,10.136965910653942,14.72790830136424
2021-08-12 10:00:00,9.470989982721129,12.653198719218269
2021-08-12 11:00:00,5.478368193594694,10.336922685862971
2021-08-12 12:00:00,5.93560159580132,11.148259571902454
2021-08-12 13:00:00,7.39411730681903,8.811720819079492
2021-08-12 14:00:00,9.537536520849606,12.19946132461969
2021-08-12 15:00:00,8.67606136270841,10.67474677110744
2021-08-12 16:00:00,9.049834149347776,9.61508430883108
2021-08-12 17:00:00,11.075155529298774,10.425776431830378
2021-08-12 18:00:00,10.20673832688055,8.050888209733543
2021-08-12 19:00:00,11.51697038462121,7.569583949481611
2021-08-12 20:00:00,10.135124227669609,3.9939100015200815
2021-08-12 21:00:00,14.76593151197373,10.991883040676
2021-08-12 22:00:00,11.41958170125859,5.777451444864539
2021-08-12 23:00:00,8.303610010207876,2.8780681640654464
2021-08-13 00:00:00,5.382929767612122,0.6108636559280658
2021-08-13 01:00:00,5.292138598137914,0.7427986630264662
2021-08-13 02:00:00,4.268729012183698,0.1530702287641947
2021-08-13 03:00:00,6.192332278157075,1.818798659578139
2021-08-13 04:00:00,9.818305163030914,6.745910104082645
2021-08-13 05:00:00,10.53288446592722,8.364839467549888
2021-08-13 06:00:00,12.84210709020944,11.850018169822134
2021-08-13 07:00:00,14.101835237661131,14.920288626879838
2021-08-13 08:00:00,13.802474250087414,15.974907873592198
2021-08-13 09:00:00,11.360962585825831,15.076844837333862
2021-08-13 10:00:00,7.348715804665016,11.084729591966084
2021-08-13 11:00:00,8.241463090302041,11.636076800329787
2021-08-13 12:00:00,8.439980149466596,10.75329849892096
2021-08-13 13:00:00,8.589579197423411,9.82833007215183
2021-08-13 14:00:00,10.831041230112527,13.188267973881723
2021-08-13 15:00:00,9.068358630483765,11.201675368096383
2021-08-13 16:00:00,10.7840807985141,11.565889615276603
2021-08-13 17:00:00,14.649230054454126,13.260712266713607
2021-08-13 18:00:00,11.555550240120336,6.75860766995013
2021-08-13 19:00:00,10.419136274864329,4.684106674564479
2021-08-13 20:00:00,9.498233127081429,3.4440325096313664
2021-08-13 21:00:00,8.775076840112195,2.848149055094569
2021-08-13 22:00:00,8.464198201845285,3.188229097054009
2021-08-13 23:00:00,8.436867565975138,3.25012481814389
2021-08-14 00:00:00,8.97628364892229,3.4967104131755686
2021-08-14 01:00:00,6.244050566730653,0.674193566433896
2021-08-14 02:00:00,5.957020885567353,0.5538420695882511
2021-08-14 03:00:00,7.808978905101746,2.797249010748692
2021-08-14 04:00:00,6.241365907906495,2.067933844817162
2021-08-14 05:00:00,5.566639316173969,0.7788076947677265
2021-08-14 06:00:00,7.730028280114897,3.856280721614056
2021-08-14 07:00:00,9.347683797536224,7.053642387035341
2021-08-14 08:00:00,5.909620218736926,4.088674035210925
2021-08-14 09:00:00,6.1937970911127,7.873291234794127
2021-08-14 10:00:00,5.502719287483775,8.205736460930229
2021-08-14 11:00:00,6.360839818148811,9.368027610295435
2021-08-14 12:00:00,5.803358118944384,8.57744170984535
2021-08-14 13:00:00,4.304823986167964,5.914340092921318
2021-08-14 14:00:00,6.429099294620585,6.416454511075389
2021-08-14 15:00:00,6.328005786450689,6.014074860189569
2021-08-14 16:00:00,5.871660029977047,5.284963755794292
2021-08-14 17:00:00,7.770384594473992,6.115000843975904
2021-08-14 18:00:00,9.786573291147889,7.461237552542865
2021-08-14 19:00:00,9.530749261480864,4.085008988585309
2021-08-14 20:00:00,8.159830413890642,2.711573540721991
2021-08-14 21:00:00,6.479676018059585,1.8658307341094265
2021-08-14 22:00:00,6.4632351244612565,1.8258912548605453
2021-08-14 23:00:00,6.138474109007071,1.138403695454528
2021-08-15 00:00:00,5.599804643796837,0.2208077086673849
2021-08-15 01:00:00,6.280993267135088,0.8881418421035221
2021-08-15 02:00:00,4.810835315589021,0.0205330111963082
2021-08-15 03:00:00,4.701086888998926,0.0
2021-08-15 04:00:00,4.530359212870561,0.0
2021-08-15 05:00:00,5.378120031311454,0.8250956157644076
2021-08-15 06:00:00,5.87518899661379,1.560417313748781
2021-08-15 07:00:00,7.517672501029907,4.010436770222388
2021-08-15 08:00:00,6.935976601958085,3.936914988916975
2021-08-15 09:00:00,7.669367840791928,6.73711252499997
2021-08-15 10:00:00,6.394921171714547,7.573017858484812
2021-08-15 11:00:00,6.372078723988199,8.182515943981898
2021-08-15 12:00:00,5.372910835347206,7.380209197219322
2021-08-15 13:00:00,4.607687188217177,5.866583076846273
2021-08-15 14:00:00,6.701657335794408,6.855309701318811
2021-08-15 15:00:00,7.282879397940533,5.425764253207982
2021-08-15 16:00:00,8.92373255324138,6.110579548052609
2021-08-15 17:00:00,10.240712799353734,5.571729603207515
2021-08-15 18:00:00,14.461700183188842,10.34171695344765
2021-08-15 19:00:00,10.833696293166495,3.649567962144056
2021-08-15 20:00:00,9.936789773462904,2.761392619851682
2021-08-15 21:00:00,8.483153282824073,1.3116067450940516
2021-08-15 22:00:00,8.178968119555208,2.0931849238182627
2021-08-15 23:00:00,7.172205286338681,0.7239677630417578
2021-08-16 00:00:00,5.6401325993757965,0.0
2021-08-16 01:00:00,4.792877821297338,0.0
2021-08-16 02:00:00,4.889194090612509,0.0
2021-08-16 03:00:00,5.746285584393952,0.5942946339528046
2021-08-16 04:00:00,7.810366610554077,3.764421248960147
2021-08-16 05:00:00,8.920892896016142,5.550191993472406
2021-08-16 06:00:00,11.255753821497628,9.635716390066236
2021-08-16 07:00:00,12.781666034800306,12.343416202247369
2021-08-16 08:00:00,13.086433125929014,12.993961362280324
2021-08-16 09:00:00,11.848617696410116,13.58747441678167
2021-08-16 10:00:00,8.859142430730216,10.995415721831938
2021-08-16 11:00:00,10.854380144622295,12.91238078290018
2021-08-16 12:00:00,8.236846670033259,9.73303693190134
2021-08-16 13:00:00,7.889409242600482,8.753346714566113
2021-08-16 14:00:00,9.516941987684676,10.211481552477943
2021-08-16 15:00:00,9.85998896788389,10.478455870555155
2021-08-16 16:00:00,9.6309221175359,9.775873785820956
2021-08-16 17:00:00,10.53224149793668,9.850950886004146
2021-08-16 18:00:00,10.389504064062422,6.314320123413385
2021-08-16 19:00:00,12.951934107929862,7.502261961207219
2021-08-16 20:00:00,12.848152298591444,5.166579611994494
2021-08-16 21:00:00,11.054531817810934,2.598854914393952
2021-08-16 22:00:00,10.163556244491176,2.527944397306749
2021-08-16 23:00:00,8.671904381709197,0.9145468262233224
2021-08-17 00:00:00,7.311805061105623,0.0
2021-08-17 01:00:00,6.136526280692522,0.0
2021-08-17 02:00:00,5.98248352890386,0.0
2021-08-17 03:00:00,6.58726715988152,0.7886099008963487
2021-08-17 04:00:00,8.285056053880737,3.754629654664499
2021-08-17 05:00:00,10.341080985547157,7.057898599015324
2021-08-17 06:00:00,12.195264098761063,9.634993627888502
2021-08-17 07:00:00,12.807652960746392,11.096234051856175
2021-08-17 08:00:00,14.664805350224109,14.464365316427308
2021-08-17 09:00:00,13.53977046229052,13.109219959231536
2021-08-17 10:00:00,11.950965728533898,11.877561605991945
2021-08-17 11:00:00,10.976649005490271,12.116905291959606
2021-08-17 12:00:00,9.225825228388214,9.783791713197148
2021-08-17 13:00:00,9.044399268442412,8.772398761605922
2021-08-17 14:00:00,8.228474191560132,7.502409977575905
2021-08-17 15:00:00,7.97548881565087,9.14485231677638
2021-08-17 16:00:00,10.125812418971035,12.548306575375646
2021-08-17 17:00:00,8.80447250102075,9.649954429421976
2021-08-17 18:00:00,7.440085097657253,5.4555146616367045
2021-08-17 19:00:00,8.64949538361341,3.5268842816664856
2021-08-17 20:00:00,8.27673716245717,1.8716612935509804
2021-08-17 21:00:00,7.999210970958018,1.5999481616127067
2021-08-17 22:00:00,8.982071601508835,3.3210716976939825
2021-08-17 23:00:00,8.051216999983602,0.7007786315134457
2021-08-18 00:00:00,8.025910353378539,0.3926825975316728
2021-08-18 01:00:00,6.355120949163357,0.0
2021-08-18 02:00:00,6.07940843800769,0.0
2021-08-18 03:00:00,8.71981930220057,0.173258844132027
2021-08-18 04:00:00,7.917987597334161,0.0
2021-08-18 05:00:00,5.613011520007479,0.0
2021-08-18 06:00:00,5.895390691084199,0.0
2021-08-18 07:00:00,6.805182915993271,0.4604402450669678
2021-08-18 08:00:00,6.994156728658574,4.129878178072087
2021-08-18 09:00:00,10.478019491928258,10.933697979033942
2021-08-18 10:00:00,8.927409078210662,9.832586300724314
2021-08-18 11:00:00,4.0446396204812665,4.134336113293973
2021-08-18 12:00:00,4.7323171554065055,5.349067250431176
2021-08-18 13:00:00,7.497558341294592,7.699005722718612
2021-08-18 14:00:00,8.586869720592333,8.279921120312068
2021-08-18 15:00:00,9.537280250685022,10.868418327687351
2021-08-18 16:00:00,14.375852119925076,13.65429207499255
2021-08-18 17:00:00,9.882340032655756,7.540827017431178
2021-08-18 18:00:00,13.3424408151082,10.489970326908576
2021-08-18 19:00:00,10.52889109322248,3.161263829934848
2021-08-18 20:00:00,12.610225612860434,4.849617504125083
2021-08-18 21:00:00,8.807763190758372,0.2084536903713711
2021-08-18 22:00:00,7.915544446515746,0.0
2021-08-18 23:00:00,6.169793798505989,0.0
2021-08-19 00:00:00,5.789717073621926,0.0
2021-08-19 01:00:00,5.220789204554265,0.0
2021-08-19 02:00:00,4.841583316186885,0.0
2021-08-19 03:00:00,6.25840361425875,0.8087522160620537
2021-08-19 04:00:00,8.82894522260527,4.249850218163389
2021-08-19 05:00:00,6.311972276718876,1.6572062153884666
2021-08-19 06:00:00,13.859649577224571,11.788184530517448
2021-08-19 07:00:00,10.311270027854428,7.174949814452773
2021-08-19 08:00:00,14.333918454118066,14.698408657036213
2021-08-19 09:00:00,24.638137558338904,29.783504455228005
2021-08-19 10:00:00,9.2495755053562,12.29656179692591
2021-08-19 11:00:00,4.377201625125309,7.418548696128246
2021-08-19 12:00:00,8.071534009302159,11.4612234292846
2021-08-19 13:00:00,9.012355896347628,11.804559049259456
2021-08-19 14:00:00,9.139621847771592,9.852458353648055
2021-08-19 15:00:00,7.886572548571632,8.360857516954002
2021-08-19 16:00:00,9.847146236702798,10.108127888754
2021-08-19 17:00:00,9.731880077427157,8.846883148060698
2021-08-19 18:00:00,10.061419790955943,7.859511910206781
2021-08-19 19:00:00,10.278515214051364,6.004363397344722
2021-08-19 20:00:00,8.243216308084975,3.42713567689459
2021-08-19 21:00:00,9.303331401584645,3.911723042185869
2021-08-19 22:00:00,6.784828777638431,1.310732218130502
2021-08-19 23:00:00,6.804468831487249,2.590402183297477
2021-08-20 00:00:00,5.773258389027806,2.121111041926277
2021-08-20 01:00:00,4.189955654181446,0.6961836232749636
2021-08-20 02:00:00,2.765310778168061,0.0
2021-08-20 03:00:00,2.965396586271837,0.0
2021-08-20 04:00:00,3.4061744748629046,0.4133278828008997
2021-08-20 05:00:00,2.708549860820653,0.0
2021-08-20 06:00:00,3.1336712489720355,0.0
2021-08-20 07:00:00,5.492540153434476,2.3895349835251256
2021-08-20 08:00:00,7.049814165781715,5.652881552950264
2021-08-20 09:00:00,8.951594309654304,8.18912451715622
2021-08-20 10:00:00,13.162618456410062,14.624271497757864
2021-08-20 11:00:00,7.44472970228599,9.273096953918596
2021-08-20 12:00:00,6.961752765737181,8.563412215868567
2021-08-20 13:00:00,5.138201480763112,5.965213455335901
2021-08-20 14:00:00,9.154802136494016,9.756333498534184
2021-08-20 15:00:00,10.683351604484434,11.167474693745412
2021-08-20 16:00:00,10.415517421629382,10.597689588463869
2021-08-20 17:00:00,9.657643079089052,9.035131374465044
2021-08-20 18:00:00,9.423893638339038,7.708228027473428
2021-08-20 19:00:00,7.536029072896703,4.223412537129116
2021-08-20 20:00:00,9.829764920947998,6.685241565315062
2021-08-20 21:00:00,6.541735046680902,3.4260375200238906
2021-08-20 22:00:00,5.347886155808382,2.8447056582594854
2021-08-20 23:00:00,3.2921019867742274,1.35658625316948
2021-08-21 00:00:00,2.104584935438247,0.4607589733283479
2021-08-21 01:00:00,1.5888706042017162,0.224198673968365
2021-08-21 02:00:00,1.4634202460862973,0.3198755194395435
2021-08-21 03:00:00,1.6568707964132088,0.8407280853545132
2021-08-21 04:00:00,2.178982379441585,1.4165111791561935
2021-08-21 05:00:00,3.003973422839188,2.3730201970050286
2021-08-21 06:00:00,4.186989467832635,3.6860291560159233
2021-08-21 07:00:00,5.981856530195337,5.993571751746517
2021-08-21 08:00:00,7.083599427872912,7.415848164543598
2021-08-21 09:00:00,6.9311928127070885,7.205639222705454
2021-08-21 10:00:00,7.513888396691534,8.110271791803717
2021-08-21 11:00:00,9.133538011880614,8.276845039324812
2021-08-21 12:00:00,6.612600193191618,6.671621245506778
2021-08-21 13:00:00,5.735605962312224,6.341899596497634
2021-08-21 14:00:00,6.25465236114503,6.107946959771397
2021-08-21 15:00:00,6.558396423270736,5.549779027661428
2021-08-21 16:00:00,7.130704599112768,4.839870662988941
2021-08-21 17:00:00,7.640345445078598,4.793814930329362
2021-08-21 18:00:00,10.057440192233194,5.650485306016956
2021-08-21 19:00:00,9.217042581411269,3.3989537007534816
2021-08-21 20:00:00,8.901702575301226,2.8727831467688825
2021-08-21 21:00:00,8.471234780928391,2.733711126072139
2021-08-21 22:00:00,7.832741253226743,1.9047279658174008
2021-08-21 23:00:00,7.152083416251038,1.2092126195017483
2021-08-22 00:00:00,6.1899993595579375,0.2417516558729477
2021-08-22 01:00:00,6.047909073440124,0.0
2021-08-22 02:00:00,5.576248971687463,0.0
2021-08-22 03:00:00,5.605095482955861,0.0
2021-08-22 04:00:00,6.209652249946409,0.2075777896888873
2021-08-22 05:00:00,7.051727596591633,1.4185612988183252
2021-08-22 06:00:00,7.313149998480352,2.276714774984958
2021-08-22 07:00:00,8.691924027893286,4.264267711790465
2021-08-22 08:00:00,9.218570610338272,5.570757275418025
2021-08-22 09:00:00,9.115566458382816,6.390521481577307
2021-08-22 10:00:00,8.731586326524567,7.375880766758307
2021-08-22 11:00:00,5.510087467846336,5.674132763056009
2021-08-22 12:00:00,3.736211907322126,5.969421885889358
2021-08-22 13:00:00,2.03013398322609,4.604376368006889
2021-08-22 14:00:00,5.194304629184298,5.2808564895230905
2021-08-22 15:00:00,5.042682660796569,4.763268345415437
2021-08-22 16:00:00,7.352805836875685,7.562713636730251
2021-08-22 17:00:00,11.567589543810415,10.364755177462472
2021-08-22 18:00:00,10.767580299179972,6.420829890759735
2021-08-22 19:00:00,11.435716459582432,4.253062856524462
2021-08-22 20:00:00,10.633272606289744,2.4270346165389967
2021-08-22 21:00:00,10.515084836385064,2.827473689917193
2021-08-22 22:00:00,7.82336563552882,0.0
2021-08-22 23:00:00,8.427755346712871,1.3320899342985957
2021-08-23 00:00:00,7.902670036962956,1.0396017310922137
2021-08-23 01:00:00,7.033467735529456,0.6167087993542939
2021-08-23 02:00:00,6.716158152513383,1.010371267907745
2021-08-23 03:00:00,10.38872815156602,4.859189937226988
2021-08-23 04:00:00,10.917593411990314,6.816187889384258
2021-08-23 05:00:00,13.60845537151397,11.172240388173384
2021-08-23 06:00:00,14.966936607033274,13.469325460584315
2021-08-23 07:00:00,17.6539742069714,17.967203554180685
2021-08-23 08:00:00,14.361848038328535,14.671807886969496
2021-08-23 09:00:00,12.444128385687574,13.176235715170533
2021-08-23 10:00:00,9.812781909260316,11.55451924851316
2021-08-23 11:00:00,3.3053813376646595,5.635503065279258
2021-08-23 12:00:00,1.4421572801696954,2.836190852346421
2021-08-23 13:00:00,4.9282608074960415,7.76676558470843
2021-08-23 14:00:00,10.67462881440473,12.23214127171873
2021-08-23 15:00:00,8.90155696288128,9.083626908092713
2021-08-23 16:00:00,8.467509594048892,7.1795974192460426
2021-08-23 17:00:00,8.3911446264637,6.319546299540886
2021-08-23 18:00:00,9.989720451928676,7.294715800031377
2021-08-23 19:00:00,11.248556093080348,6.528740970677221
2021-08-23 20:00:00,9.767309647717228,4.098686985869924
2021-08-23 21:00:00,7.17200503126632,2.07955895277009
2021-08-23 22:00:00,6.859111600626562,1.8071011365850345
2021-08-23 23:00:00,4.940040910951286,0.4643828322278445
2021-08-24 00:00:00,4.272935516255309,0.5678406880792846
2021-08-24 01:00:00,3.275891041701492,0.0
2021-08-24 02:00:00,3.241239705825322,0.0
2021-08-24 03:00:00,5.467459193354316,2.626659510234004
2021-08-24 04:00:00,12.706082682045594,9.68470551176475
2021-08-24 05:00:00,16.959394540170994,15.46670123088521
2021-08-24 06:00:00,16.494459054506606,15.781560822113804
2021-08-24 07:00:00,14.558824806124438,14.93934697022658
2021-08-24 08:00:00,15.084878271561616,16.653230692874423
2021-08-24 09:00:00,16.25385021899692,19.292577897790643
2021-08-24 10:00:00,8.902659788141136,11.604102177215742
2021-08-24 11:00:00,6.204419893652201,11.106751712802476
2021-08-24 12:00:00,0.8303154123874386,4.78133248719818
2021-08-24 13:00:00,3.602086667047807,6.364963773081967
2021-08-24 14:00:00,8.850564910898385,10.17877021669529
2021-08-24 15:00:00,7.6003642427224705,8.032930707759938
2021-08-24 16:00:00,8.56109947703682,8.447970554212134
2021-08-24 17:00:00,8.175984523743647,6.936913665817515
2021-08-24 18:00:00,9.868724772730763,6.69248284157217
2021-08-24 19:00:00,11.965261784568998,6.298453849405273
2021-08-24 20:00:00,10.69096286786126,4.4824620994023
2021-08-24 21:00:00,8.582096214936062,1.377806995308319
2021-08-24 22:00:00,9.754911751930052,3.775632419762744
2021-08-24 23:00:00,8.58557912498457,2.573356362071077
2021-08-25 00:00:00,6.890489849608365,0.8535309610416082
2021-08-25 01:00:00,5.196290152750741,0.1049204214746755
2021-08-25 02:00:00,4.075338750316533,0.0
2021-08-25 03:00:00,4.873116311172083,1.3673458804131648
2021-08-25 04:00:00,5.836184969190107,2.954613668490083
2021-08-25 05:00:00,9.334872556681267,7.779132101123238
2021-08-25 06:00:00,10.768581350019735,10.02896278766159
2021-08-25 07:00:00,11.965399206619542,12.005577267753374
2021-08-25 08:00:00,18.90135793606968,21.279592673786937
2021-08-25 09:00:00,15.507499065133173,17.491838842258407
2021-08-25 10:00:00,5.7862916782310165,6.44243770666114
2021-08-25 11:00:00,5.517026691242144,9.883262055293793
2021-08-25 12:00:00,3.1845419898240124,6.683851584510475
2021-08-25 13:00:00,5.681635192225308,9.39119665979832
2021-08-25 14:00:00,10.381376740266584,13.033337199269866
2021-08-25 15:00:00,9.574868736263875,12.17231243025862
2021-08-25 16:00:00,10.33870279393222,12.897011785990532
2021-08-25 17:00:00,8.954182321579491,10.63040160985405
2021-08-25 18:00:00,10.896262209516197,9.89247282466403
2021-08-25 19:00:00,17.20754671484833,14.07701314075656
2021-08-25 20:00:00,10.889839039687851,4.075129162879566
2021-08-25 21:00:00,9.308100477325134,1.9129303637909607
2021-08-25 22:00:00,8.041913797031391,1.1464919712735355
2021-08-25 23:00:00,7.04963960639714,0.433639109137454
2021-08-26 00:00:00,5.577401386896685,0.0
2021-08-26 01:00:00,5.554055728192434,0.0
2021-08-26 02:00:00,5.348277971573701,0.0413594025563082
2021-08-26 03:00:00,5.876382732596987,1.057542208164362
2021-08-26 04:00:00,7.9655890715354545,3.650161568407994
2021-08-26 05:00:00,9.210928035376496,4.878454117645331
2021-08-26 06:00:00,6.274375166071188,0.1576799084592774
2021-08-26 07:00:00,8.261900238274752,4.02317446754607
2021-08-26 08:00:00,9.51166706630389,9.338097580086854
2021-08-26 09:00:00,8.995798227910214,11.864457114555268
2021-08-26 10:00:00,8.927675169999784,11.798862299454186
2021-08-26 11:00:00,8.534338183645541,12.406236872683731
2021-08-26 12:00:00,7.8302801718734685,12.209218965562089
2021-08-26 13:00:00,1.623713847408343,5.390948810731491
2021-08-26 14:00:00,4.724026542471989,9.117372675105086
2021-08-26 15:00:00,1.2494829796621154,5.229558593187102
2021-08-26 16:00:00,4.855265760330585,6.868269135874871
2021-08-26 17:00:00,5.115134625617014,4.278422840444198
2021-08-26 18:00:00,6.300783943383006,3.209596069585885
2021-08-26 19:00:00,10.364384617268096,1.1576997127569513
2021-08-26 20:00:00,11.899865899949315,0.0
2021-08-26 21:00:00,15.696476599950856,7.743294802776679
2021-08-26 22:00:00,13.529196689710195,6.892876679494741
2021-08-26 23:00:00,12.668411706722924,5.5005729002590815
2021-08-27 00:00:00,11.876328171279916,4.896495678215663
2021-08-27 01:00:00,11.900281274960054,4.507529373850163
2021-08-27 02:00:00,12.554439687653185,2.543249205187029
2021-08-27 03:00:00,12.31352485009858,2.3952592013743104
2021-08-27 04:00:00,11.638812851917834,1.847185990823137
2021-08-27 05:00:00,11.398208806149654,1.7992626460309786
2021-08-27 06:00:00,12.302773278776597,3.5070253875067614
2021-08-27 07:00:00,12.362477349650014,8.93379767026653
2021-08-27 08:00:00,11.652984959765858,11.231585262550436
2021-08-27 09:00:00,21.95662099491078,21.979965046692406
2021-08-27 10:00:00,19.7650277875996,21.274685414172797
2021-08-27 11:00:00,14.4381402573016,17.98443141968437
2021-08-27 12:00:00,8.579530447186134,14.042771139139308
2021-08-27 13:00:00,0.0,7.498532910693333
2021-08-27 14:00:00,0.0,4.079720305541783
2021-08-27 15:00:00,0.0,2.8719082610709554
2021-08-27 16:00:00,3.7597707767524255,10.247600245158234
2021-08-27 17:00:00,0.0,2.443070212375972
2021-08-27 18:00:00,3.9275714098985297,3.030205981814241
2021-08-27 19:00:00,8.731118191371394,2.912638795856493
2021-08-27 20:00:00,10.533570420759826,0.7821918813081616
2021-08-27 21:00:00,14.551364166701171,2.847462842413752
2021-08-27 22:00:00,10.205494225409293,0.0
2021-08-27 23:00:00,11.001221284309745,1.970751126640387
2021-08-28 00:00:00,11.432116050293306,2.760770355690978
2021-08-28 01:00:00,8.185907636256452,0.4494085935804133
2021-08-28 02:00:00,7.932662393198179,1.0840130658328633
2021-08-28 03:00:00,5.7582208225196645,0.0
2021-08-28 04:00:00,5.132508831852967,0.0
2021-08-28 05:00:00,7.404280683339227,1.407730907960822
2021-08-28 06:00:00,8.132760117718735,2.0936924785767417
2021-08-28 07:00:00,7.576336700066868,5.143326751240923
2021-08-28 08:00:00,9.273803888546247,10.32235926617856
2021-08-28 09:00:00,10.304655887012554,10.816109289287391
2021-08-28 10:00:00,16.38874742144354,19.38260101479407
2021-08-28 11:00:00,11.9008408398695,18.28686501887062
2021-08-28 12:00:00,0.437241267072558,11.83132159436732
2021-08-28 13:00:00,0.0,3.258389743981591
2021-08-28 14:00:00,0.0,2.528714453226616
2021-08-28 15:00:00,0.0,3.4159585273811874
2021-08-28 16:00:00,0.0,3.3088540782024536
2021-08-28 17:00:00,4.333866336453074,2.0004276721089287
2021-08-28 18:00:00,6.232439695886306,2.3347050764604047
2021-08-28 19:00:00,7.35002527790839,0.0
2021-08-28 20:00:00,7.9237168274196605,0.0601757756997205
2021-08-28 21:00:00,7.750106788114508,0.2183777888245721
2021-08-28 22:00:00,7.317489102979973,0.7176158442329879
2021-08-28 23:00:00,9.44542231490843,2.939634611145687
2021-08-29 00:00:00,7.297628472766643,1.4615016346588696
2021-08-29 01:00:00,8.89921915232523,3.3098405174799232
2021-08-29 02:00:00,10.318418528740931,3.9925371318219063
2021-08-29 03:00:00,7.759747438381218,1.9836345105024813
2021-08-29 04:00:00,2.8658413045310382,0.0
2021-08-29 05:00:00,3.536771683650265,0.4952101901873256
2021-08-29 06:00:00,2.531305367309713,0.5614995189002254
2021-08-29 07:00:00,3.6467280806021023,1.8512953955070248
2021-08-29 08:00:00,2.809662332335442,5.246237826574781
2021-08-29 09:00:00,2.642717190593864,7.22046431251839
2021-08-29 10:00:00,2.2339389275282717,7.696085309726868
2021-08-29 11:00:00,3.762937337118743,9.741077440871972
2021-08-29 12:00:00,2.1710595385202467,9.272290574703248
2021-08-29 13:00:00,0.296975072261965,7.969228698961938
2021-08-29 14:00:00,0.0,6.133615359423468
2021-08-29 15:00:00,0.1168381580614301,5.1437839439898445
2021-08-29 16:00:00,2.1750197635861035,6.233102725203705
2021-08-29 17:00:00,4.858581407542079,6.37707433151903
2021-08-29 18:00:00,9.018443414434696,7.339419579853254
2021-08-29 19:00:00,11.58037883187214,4.176602305939591
2021-08-29 20:00:00,9.765293568043552,3.031149352788587
2021-08-29 21:00:00,9.319862330289936,3.590675949479863
2021-08-29 22:00:00,8.31022299854419,2.83379683705422
2021-08-29 23:00:00,6.473752899079504,1.5360272825605996
2021-08-30 00:00:00,6.379707875448489,1.1816450266279386
2021-08-30 01:00:00,5.399254073144043,0.0
2021-08-30 02:00:00,6.792400534585735,1.4200519988086402
2021-08-30 03:00:00,7.464785928718189,2.7936657197174
2021-08-30 04:00:00,7.970348003158172,4.5029763666796345
2021-08-30 05:00:00,9.664829310428996,7.83928115185256
2021-08-30 06:00:00,11.13351288585425,9.90045339212389
2021-08-30 07:00:00,13.112095044803352,13.339204345756809
2021-08-30 08:00:00,13.973000351613797,15.383117917691798
2021-08-30 09:00:00,12.415050129165513,14.112002889260223
2021-08-30 10:00:00,13.958661991387624,18.536284210157262
2021-08-30 11:00:00,17.752228883918935,21.823346493694928
2021-08-30 12:00:00,14.730192839757224,19.677228323136024
2021-08-30 13:00:00,3.187097098813041,7.982971966162859
2021-08-30 14:00:00,9.834296699448965,14.329490860389908
2021-08-30 15:00:00,7.380431406988841,9.585866678106482
2021-08-30 16:00:00,13.856656166454462,16.847538446911045
2021-08-30 17:00:00,11.309365374776313,12.718190910232412
2021-08-30 18:00:00,11.908299711766348,10.291778059117751
2021-08-30 19:00:00,12.95990797288714,7.2396310121358844
2021-08-30 20:00:00,8.205314758443397,1.1654386349227828
2021-08-30 21:00:00,7.742795987615509,1.3878275040043846
2021-08-30 22:00:00,7.436463912728904,1.9057863021397043
2021-08-30 23:00:00,7.478174150560815,1.8240079518849777
2021-08-31 00:00:00,4.359334839433416,0.0
2021-08-31 01:00:00,3.781164805745906,0.0
2021-08-31 02:00:00,3.8851463264649055,0.1104489093423808
2021-08-31 03:00:00,5.144136977880489,1.4068851460358012
2021-08-31 04:00:00,5.490578254676116,0.3188542224463511
2021-08-31 05:00:00,9.339534855766187,4.582666893792725
2021-08-31 06:00:00,10.699672511978823,6.732182218787038
2021-08-31 07:00:00,11.230504219656469,10.457380385905005
2021-08-31 08:00:00,13.50796588364744,16.148574022370717
2021-08-31 09:00:00,13.703994612686728,16.534485017058437
2021-08-31 10:00:00,10.47501622437379,14.869131625073498
2021-08-31 11:00:00,10.061648756645669,14.769700520034895
2021-08-31 12:00:00,10.129418739036764,14.411921414989852
2021-08-31 13:00:00,7.700921440124244,10.565416229533938
2021-08-31 14:00:00,9.17348528045667,10.666036616567787
2021-08-31 15:00:00,9.049177442098769,9.610625774130728
2021-08-31 16:00:00,9.222316820524902,9.110424177174394
2021-08-31 17:00:00,8.979964978624967,7.480666816558726
2021-08-31 18:00:00,7.806086144589774,5.5783472054282335
2021-08-31 19:00:00,9.231464231950916,4.28187074012514
2021-08-31 20:00:00,6.195777467013926,1.8107746262274544
2021-08-31 21:00:00,6.089385573052748,2.0379464444528264
2021-08-31 22:00:00,3.728955865632237,0.3266753031861658
2021-08-31 23:00:00,2.4362911259244626,0.0
2021-09-01 00:00:00,1.346476767465422,0.0
2021-09-01 01:00:00,0.896723169876843,0.0
2021-09-01 02:00:00,0.8120441648310219,0.0
2021-09-01 03:00:00,1.3474035869774532,0.0
2021-09-01 04:00:00,3.0255273666366733,1.5553081889216696
2021-09-01 05:00:00,7.663159000677528,6.357314083851956
2021-09-01 06:00:00,7.795355833250376,7.153127414909111
2021-09-01 07:00:00,9.8474720298643,10.599122407662495
2021-09-01 08:00:00,10.06676112406059,13.080432872067645
2021-09-01 09:00:00,9.315194201614968,17.022988013156947
2021-09-01 10:00:00,8.397071599088477,17.41029050687122
2021-09-01 11:00:00,5.606236695352138,11.68511880782677
2021-09-01 12:00:00,6.572680715907126,11.987535335521857
2021-09-01 13:00:00,6.667437181582272,8.021867866866744
2021-09-01 14:00:00,8.817680978227862,9.089850701955855
2021-09-01 15:00:00,8.76521008442046,8.239064811498553
2021-09-01 16:00:00,8.813462105623813,8.400262867768607
2021-09-01 17:00:00,9.216687920347084,7.195031496606689
2021-09-01 18:00:00,9.275247157449211,5.0787444442245935
2021-09-01 19:00:00,9.205745685098805,2.945151785761386
2021-09-01 20:00:00,7.145143894086537,2.716395855003322
2021-09-01 21:00:00,5.326662912235577,1.24922285784624
2021-09-01 22:00:00,3.849597331103922,0.6838034204223327
2021-09-01 23:00:00,3.435676589150916,0.6588997096920934
2021-09-02 00:00:00,2.13718457499791,0.0
2021-09-02 01:00:00,2.230849046808949,0.0
2021-09-02 02:00:00,1.8543850154693475,0.0
2021-09-02 03:00:00,4.394914142216695,1.2249493209056812
2021-09-02 04:00:00,7.080422922886708,4.196230396699467
2021-09-02 05:00:00,10.70396668258146,7.859307896295408
2021-09-02 06:00:00,11.899082022158224,9.78232217951546
2021-09-02 07:00:00,14.263977366311485,12.757352154171407
2021-09-02 08:00:00,14.260633176673895,15.016105775717172
2021-09-02 09:00:00,14.836914654236736,16.266298406056624
2021-09-02 10:00:00,11.718460315369892,13.687629305354772
2021-09-02 11:00:00,5.491241613133198,12.855774690211208
2021-09-02 12:00:00,5.467422237533864,12.954521866285964
2021-09-02 13:00:00,5.308371997681505,9.99379762720093
2021-09-02 14:00:00,4.7301908524879295,9.03729146076778
2021-09-02 15:00:00,8.989818097943985,10.230424536151611
2021-09-02 16:00:00,10.973441693424498,9.868078946083092
2021-09-02 17:00:00,12.180414752408854,9.433176524464482
2021-09-02 18:00:00,13.236985211772511,7.834259408420566
2021-09-02 19:00:00,13.131599181171694,5.941793398777937
2021-09-02 20:00:00,10.004721130872962,3.480993047908557
2021-09-02 21:00:00,8.13571456086705,3.0387302448329025
2021-09-02 22:00:00,8.262839944945078,3.460159986324472
2021-09-02 23:00:00,6.167694608841263,1.5693602709004502
2021-09-03 00:00:00,5.485431234483727,0.5792559411271192
2021-09-03 01:00:00,4.601076679077785,0.2851327792076752
2021-09-03 02:00:00,4.251285828864837,0.8780215642506413
2021-09-03 03:00:00,4.485813965907596,1.9292157742456448
2021-09-03 04:00:00,6.403569668738079,3.380472672762605
2021-09-03 05:00:00,7.548933245098805,5.229659231529424
2021-09-03 06:00:00,10.448346629572068,8.436695396539104
2021-09-03 07:00:00,12.746476265815197,11.007305048683342
2021-09-03 08:00:00,15.075430146564946,14.33063246056726
2021-09-03 09:00:00,16.924330095118027,17.78976037161143
2021-09-03 10:00:00,13.074883242403178,19.662351936502976
2021-09-03 11:00:00,12.26006225857524,18.890680201243438
2021-09-03 12:00:00,4.422549428703025,10.512185933824409
2021-09-03 13:00:00,8.206738791593956,13.24795185597826
2021-09-03 14:00:00,4.339253940067298,7.158411058294553
2021-09-03 15:00:00,5.780143906411972,8.823861654840327
2021-09-03 16:00:00,6.281732439865063,8.156966342777846
2021-09-03 17:00:00,3.987842387536936,4.924833255360152
2021-09-03 18:00:00,12.500009714455247,10.034904168851044
2021-09-03 19:00:00,12.58539977270458,4.956633808168975
2021-09-03 20:00:00,12.19278916759805,5.016227363642845
2021-09-03 21:00:00,9.120530974906622,2.1462026822043896
2021-09-03 22:00:00,9.329938719798069,2.338026510582319
2021-09-03 23:00:00,7.654719845371218,2.045203673367684
2021-09-04 00:00:00,9.207459344269084,2.24325372032574
2021-09-04 01:00:00,8.20220254481276,0.506173684484903
2021-09-04 02:00:00,7.276431197878928,0.1244997284933191
2021-09-04 03:00:00,6.233571907732106,0.0
2021-09-04 04:00:00,4.4978574080076825,0.0
2021-09-04 05:00:00,7.889914334558945,0.0
2021-09-04 06:00:00,10.577815998056115,1.8210870446344067
2021-09-04 07:00:00,13.296552809700271,5.654283153860083
2021-09-04 08:00:00,11.219628441757775,6.502855826358383
2021-09-04 09:00:00,11.048127876964692,9.865030942091993
2021-09-04 10:00:00,4.134563291528817,11.592877538708931
2021-09-04 11:00:00,7.827747251813172,15.6909194848509
2021-09-04 12:00:00,0.0,8.563955276999238
2021-09-04 13:00:00,0.0,4.935479742344104
2021-09-04 14:00:00,0.0,3.590765661523061
2021-09-04 15:00:00,0.0,2.967361637599105
2021-09-04 16:00:00,0.0,1.8700986278066656
2021-09-04 17:00:00,0.0,2.1434579340203683
2021-09-04 18:00:00,6.083706382703692,3.709346174480043
2021-09-04 19:00:00,7.727510597452003,1.4355487528528137
2021-09-04 20:00:00,5.978009286224591,0.0
2021-09-04 21:00:00,8.225249609242947,0.3299360490159646
2021-09-04 22:00:00,8.010270739788652,0.94955872122741
2021-09-04 23:00:00,8.758062862263852,3.165007359298068
2021-09-05 00:00:00,7.614702316041502,2.045400712985664
2021-09-05 01:00:00,8.866271043773537,3.345364612664387
2021-09-05 02:00:00,9.476764136200782,2.574891620714766
2021-09-05 03:00:00,9.782414638152495,0.8925105465148455
2021-09-05 04:00:00,4.881677563279553,0.0
2021-09-05 05:00:00,3.865888404812079,0.0
2021-09-05 06:00:00,4.633702979153657,0.9015598205525636
2021-09-05 07:00:00,4.955047514828401,1.6779068446885397
2021-09-05 08:00:00,3.132458475734346,4.068765887726142
2021-09-05 09:00:00,0.0,8.440102089998076
2021-09-05 10:00:00,4.869514116445227,14.271084351940704
2021-09-05 11:00:00,0.2687390986456712,10.062759665004377
2021-09-05 12:00:00,0.0,8.233901299485764
2021-09-05 13:00:00,0.0,6.908075716317017
2021-09-05 14:00:00,0.0,3.447515343031456
2021-09-05 15:00:00,0.0,3.773220072078
2021-09-05 16:00:00,0.1041880984026981,2.9779072016760697
2021-09-05 17:00:00,2.0654378185679363,2.6664353975973984
2021-09-05 18:00:00,11.557168824530454,4.068687876322465
2021-09-05 19:00:00,15.161936464494907,2.055469986939597
2021-09-05 20:00:00,13.326711033517192,1.4146928423303873
2021-09-05 21:00:00,12.05751132569226,0.3687934423179584
2021-09-05 22:00:00,12.98353575451806,1.9203319710098457
2021-09-05 23:00:00,15.45655522012466,2.508732033018889
2021-09-06 00:00:00,16.187971628837587,2.5333652909077
2021-09-06 01:00:00,18.958529068852386,6.833234681053151
2021-09-06 02:00:00,18.535400930390782,6.128955272022171
2021-09-06 03:00:00,11.564212301556385,0.2174074462893038
2021-09-06 04:00:00,8.852925950190105,0.0
2021-09-06 05:00:00,7.7808774098016755,0.0
2021-09-06 06:00:00,8.21989874503845,0.0
2021-09-06 07:00:00,7.15678458879848,0.755618768888052
2021-09-06 08:00:00,6.0385756684424905,6.810988694551923
2021-09-06 09:00:00,9.814168445254158,14.065493287372895
2021-09-06 10:00:00,6.469964650164823,11.99006437629046
2021-09-06 11:00:00,2.649318333305885,9.1602844217647
2021-09-06 12:00:00,0.0,9.013552483096538
2021-09-06 13:00:00,0.0,2.670469161963224
2021-09-06 14:00:00,0.0,2.024413644014171
2021-09-06 15:00:00,0.0,1.4087576791543306
2021-09-06 16:00:00,0.0,0.5649629378182972
2021-09-06 17:00:00,2.506708800783944,1.5048051222517156
2021-09-06 18:00:00,1.4103591500829182,2.331460486875258
2021-09-06 19:00:00,11.623120362046713,3.352639573282689
2021-09-06 20:00:00,12.944547023884244,0.7985139158753007
2021-09-06 21:00:00,13.137009379827305,0.0021361882971735
2021-09-06 22:00:00,12.366053542045924,0.0
2021-09-06 23:00:00,12.691548079078878,0.5410467479490961
2021-09-07 00:00:00,12.942796156050465,0.6310244472373583
2021-09-07 01:00:00,9.868078123236025,0.0
2021-09-07 02:00:00,7.761366042477999,0.0
2021-09-07 03:00:00,7.431158820456815,0.0
2021-09-07 04:00:00,7.852143184544609,0.0
2021-09-07 05:00:00,7.562270928609429,0.4745372478932861
2021-09-07 06:00:00,8.950197844424544,0.7889655077245248
2021-09-07 07:00:00,11.504754290636589,6.8791008828432805
2021-09-07 08:00:00,33.722055105423195,45.64163313959568
2021-09-07 09:00:00,22.31932224835254,31.649345715314848
2021-09-07 10:00:00,9.899636087297225,15.190844072374938
2021-09-07 11:00:00,15.31137993983896,22.92409498718911
2021-09-07 12:00:00,1.7449759521612442,8.437958917304986
2021-09-07 13:00:00,0.0,4.895542828871219
2021-09-07 14:00:00,3.6288474804806334,8.390499811460892
2021-09-07 15:00:00,5.832626997715327,7.737400068424383
2021-09-07 16:00:00,12.031650783083643,13.93819679415012
2021-09-07 17:00:00,11.252838910123998,11.839159043889682
2021-09-07 18:00:00,16.836071561766623,11.835117302180482
2021-09-07 19:00:00,19.47116685154506,9.640909434265945
2021-09-07 20:00:00,16.695093854866805,7.0179098992826265
2021-09-07 21:00:00,14.616054564018969,5.891985542550223
2021-09-07 22:00:00,14.624307825581567,6.093864884618526
2021-09-07 23:00:00,12.129441014059864,3.4917959662433606
2021-09-08 00:00:00,9.458484536512422,0.9556145061249736
2021-09-08 01:00:00,13.07638194158384,3.99428018168911
2021-09-08 02:00:00,12.996659545602618,4.451589027781557
2021-09-08 03:00:00,13.27061730038701,5.835036424316536
2021-09-08 04:00:00,14.939982123489642,6.965597642676369
2021-09-08 05:00:00,14.553885292070516,3.658106994724271
2021-09-08 06:00:00,9.766680002253889,1.5202546708866294
2021-09-08 07:00:00,14.453981603862776,13.46376141484173
2021-09-08 08:00:00,16.394567524547096,21.48136510044867
2021-09-08 09:00:00,14.599190245142037,22.905779407455228
2021-09-08 10:00:00,9.833739628523542,18.64011300532177
2021-09-08 11:00:00,7.456926203168855,16.4630663427473
2021-09-08 12:00:00,5.3311115214652816,14.289676529755996
2021-09-08 13:00:00,5.445432364814145,14.224786659632525
2021-09-08 14:00:00,12.383382122455664,20.361465753711457
2021-09-08 15:00:00,4.712514661779611,7.600837061421727
2021-09-08 16:00:00,1.8192698091066504,3.709636635788304
2021-09-08 17:00:00,6.526186963512487,6.819285376347796
2021-09-08 18:00:00,15.726787287175588,8.901336499773908
2021-09-08 19:00:00,16.920070101655078,8.53216038065725
2021-09-08 20:00:00,12.82419767046217,5.215241746443216
2021-09-08 21:00:00,14.89477776265225,7.065893525906241
2021-09-08 22:00:00,13.590835623789523,6.080904645071559
2021-09-08 23:00:00,7.470765269059662,2.274841681566521
2021-09-09 00:00:00,4.975834416585158,1.1498807294598912
2021-09-09 01:00:00,4.123600257134946,0.7469443928458528
2021-09-09 02:00:00,8.52348909019942,3.356236328927684
2021-09-09 03:00:00,11.20497485726282,6.238187749061722
2021-09-09 04:00:00,14.952130818920155,10.474966842834077
2021-09-09 05:00:00,10.83808928319594,8.978416641066696
2021-09-09 06:00:00,13.261487851342023,12.866748220443332
2021-09-09 07:00:00,14.23405345376014,14.024997313572827
2021-09-09 08:00:00,11.821782635546398,13.364402181982207
2021-09-09 09:00:00,7.5308652815637345,16.148266906776477
2021-09-09 10:00:00,8.153183847430014,15.815044821706136
2021-09-09 11:00:00,6.257825231561888,13.267905144275822
2021-09-09 12:00:00,6.717384131492473,10.331005521230017
2021-09-09 13:00:00,8.629774964008767,11.687076007150894
2021-09-09 14:00:00,12.240612697615871,10.169742124676851
2021-09-09 15:00:00,14.193847996620086,11.969108410841296
2021-09-09 16:00:00,15.123891346271115,11.996088756450895
2021-09-09 17:00:00,17.917101245726794,13.235483225075988
2021-09-09 18:00:00,15.51435420738034,7.003809443711514
2021-09-09 19:00:00,13.747413426433615,5.546224444319893
2021-09-09 20:00:00,11.804586395079053,3.847414485870381
2021-09-09 21:00:00,10.29389273352198,2.770479754153973
2021-09-09 22:00:00,10.40083317094917,2.849700359023922
2021-09-09 23:00:00,8.62945692684648,1.8532454747361624
2021-09-10 00:00:00,6.721707561755377,0.4362359593926914
2021-09-10 01:00:00,4.407585651736387,0.0
2021-09-10 02:00:00,5.488442639605406,0.1595205540130528
2021-09-10 03:00:00,6.668963670463526,1.0403370847965974
2021-09-10 04:00:00,8.72933303463249,4.295513867197472
2021-09-10 05:00:00,11.460252031736978,7.79692911695
2021-09-10 06:00:00,10.752208881115024,8.130814418562958
2021-09-10 07:00:00,12.552127482700064,11.358602882113743
2021-09-10 08:00:00,13.79876381197808,13.75466015298023
2021-09-10 09:00:00,14.25073105026215,16.134936585217396
2021-09-10 10:00:00,10.339166950486728,13.198667461599277
2021-09-10 11:00:00,10.684527254878372,13.366257348539357
2021-09-10 12:00:00,6.33309421199877,11.221168926889924
2021-09-10 13:00:00,6.234149710955872,10.434959796600657
2021-09-10 14:00:00,12.100217606696608,15.094366150353954
2021-09-10 15:00:00,11.05202786423316,12.504480757722522
2021-09-10 16:00:00,11.260879288257197,12.01601659167138
2021-09-10 17:00:00,12.382573803442456,12.020417552512091
2021-09-10 18:00:00,11.60796837907169,8.854275484023272
2021-09-10 19:00:00,11.585299809262937,5.586436626269904
2021-09-10 20:00:00,9.81603961910615,4.54487669768127
2021-09-10 21:00:00,9.330706693423558,4.269180997147297
2021-09-10 22:00:00,8.92514995170238,3.6747624737236553
2021-09-10 23:00:00,5.4876143023420845,1.358060999913583
2021-09-11 00:00:00,5.380554709370685,1.5358427990401768
2021-09-11 01:00:00,2.879188288143169,0.4457784767047279
2021-09-11 02:00:00,2.414447491348774,0.4999254704511813
2021-09-11 03:00:00,1.345437282341699,0.4741278795667991
2021-09-11 04:00:00,1.8428494261322257,0.7156563243968215
2021-09-11 05:00:00,6.511006389635654,3.4083427915981623
2021-09-11 06:00:00,8.077523515128775,5.259594597128285
2021-09-11 07:00:00,7.438398867967557,8.560431516667665
2021-09-11 08:00:00,3.742035406437324,8.44289925075674
2021-09-11 09:00:00,2.2690987373641107,9.17022803852583
2021-09-11 10:00:00,3.06146753230395,9.490049694387343
2021-09-11 11:00:00,0.0,6.29665804169456
2021-09-11 12:00:00,0.0,5.098232822860886
2021-09-11 13:00:00,0.9550735007609744,5.750366030800471
2021-09-11 14:00:00,4.665158113465889,5.168573764978239
2021-09-11 15:00:00,3.779258455674718,2.4579721387525595
2021-09-11 16:00:00,5.401597618521645,3.452916779160865
2021-09-11 17:00:00,6.211405751544394,3.395034803826988
2021-09-11 18:00:00,13.238433798476509,7.711617392347503
2021-09-11 19:00:00,17.90990646496047,6.861536219671677
2021-09-11 20:00:00,13.504479435871415,4.059852657993591
2021-09-11 21:00:00,11.332189011738896,2.520546962631986
2021-09-11 22:00:00,10.324386851630804,2.8766944677360247
2021-09-11 23:00:00,8.829136286323411,2.1261894309306406
2021-09-12 00:00:00,7.415133005635127,0.6560721476919831
2021-09-12 01:00:00,6.479008331217983,0.1685293473687714
2021-09-12 02:00:00,7.191266168238936,0.4007891115383799
2021-09-12 03:00:00,5.569831259622092,0.0
2021-09-12 04:00:00,5.422447281138588,0.0
2021-09-12 05:00:00,8.372627704662442,2.1991817916566223
2021-09-12 06:00:00,9.53746209091574,0.4858927792592862
2021-09-12 07:00:00,10.185435008071993,3.0169782133248617
2021-09-12 08:00:00,11.82303321249347,12.386161626802158
2021-09-12 09:00:00,10.034968096484551,15.95761832371218
2021-09-12 10:00:00,12.990431833948488,18.96860543843096
2021-09-12 11:00:00,10.330364929966391,15.536102557664496
2021-09-12 12:00:00,8.40001634675502,14.353601538039978
2021-09-12 13:00:00,0.0,4.711220065015342
2021-09-12 14:00:00,0.2994041178284625,3.6881180923275183
2021-09-12 15:00:00,2.220315237683838,2.3753821195199816
2021-09-12 16:00:00,7.1331116455597225,4.49264305055098
2021-09-12 17:00:00,5.45693362258136,2.5770031957050445
2021-09-12 18:00:00,12.530308219231372,3.218830570886249
2021-09-12 19:00:00,12.6612351217724,0.224987238257281
2021-09-12 20:00:00,13.813022784304202,3.120344542375003
2021-09-12 21:00:00,14.998959997335676,4.975624875662543
2021-09-12 22:00:00,13.653165920491697,4.133190412280716
2021-09-12 23:00:00,11.95328375511098,2.752126123742192
2021-09-13 00:00:00,10.681527862704865,0.5336016853111296
2021-09-13 01:00:00,12.318394163219402,1.7737671978515888
2021-09-13 02:00:00,9.74406217389906,2.8307075538806403
2021-09-13 03:00:00,7.106166738326927,2.702231238892578
2021-09-13 04:00:00,8.74141544183756,4.35054736292442
2021-09-13 05:00:00,12.973968305447087,9.50623293541316
2021-09-13 06:00:00,13.304158611488958,11.074657556457254
2021-09-13 07:00:00,14.910522529078849,15.215731569829208
2021-09-13 08:00:00,11.478692592704563,17.62941963821845
2021-09-13 09:00:00,12.350591364760795,19.939043419496024
2021-09-13 10:00:00,7.742315553214645,14.301658840138783
2021-09-13 11:00:00,8.562307390764044,15.661969930471514
2021-09-13 12:00:00,4.769226794172475,11.35221064047263
2021-09-13 13:00:00,3.064148196634072,7.761752514013958
2021-09-13 14:00:00,5.023894619032408,6.382678558741542
2021-09-13 15:00:00,4.263785485432734,3.0741183186414185
2021-09-13 16:00:00,3.6344917051840753,1.5400575256643505
2021-09-13 17:00:00,5.198670337750073,1.673814402793946
2021-09-13 18:00:00,10.471632530839244,3.196277337294176
2021-09-13 19:00:00,13.24937110785408,1.0806042222525498
2021-09-13 20:00:00,12.51258788214109,0.7385437069214582
2021-09-13 21:00:00,12.560391790230664,3.652140245018263
2021-09-13 22:00:00,10.618849749603145,2.4219812868355923
2021-09-13 23:00:00,10.89420761414878,2.4443966862430297
2021-09-14 00:00:00,11.321403628279128,3.048020234828256
2021-09-14 01:00:00,8.56208124892779,0.5866913459456633
2021-09-14 02:00:00,10.558414936037964,0.0
2021-09-14 03:00:00,12.198803694892671,0.0
2021-09-14 04:00:00,11.797261149539947,0.0
2021-09-14 05:00:00,11.182365643768698,0.0
2021-09-14 06:00:00,11.408906790566228,1.4738688633719352
2021-09-14 07:00:00,10.435105424002131,4.297046379511729
2021-09-14 08:00:00,7.689420848896411,9.31956859300393
2021-09-14 09:00:00,9.757417463933482,13.70072119958776
2021-09-14 10:00:00,7.478663755370171,10.430847974447037
2021-09-14 11:00:00,5.967994584494662,7.443778797394179
2021-09-14 12:00:00,7.0845926696715615,9.01376401598993
2021-09-14 13:00:00,2.5067345212775862,4.069261302038779
2021-09-14 14:00:00,3.40947770909364,2.921294667088265
2021-09-14 15:00:00,3.770860440046522,1.876828326499556
2021-09-14 16:00:00,4.543460448020738,2.3627218235219427
2021-09-14 17:00:00,6.67517134621442,3.456470844279286
2021-09-14 18:00:00,11.658920146222531,4.651336676378506
2021-09-14 19:00:00,8.777617047763592,0.0
2021-09-14 20:00:00,7.4127088086341,0.2429668787842622
2021-09-14 21:00:00,8.14978243025157,0.6895551335906163
2021-09-14 22:00:00,8.931881676199858,1.6336928416656065
2021-09-14 23:00:00,4.395728568972743,0.0
2021-09-15 00:00:00,5.68989438810663,0.0
2021-09-15 01:00:00,5.948082174186538,0.3637393718810191
2021-09-15 02:00:00,6.703009569743585,1.036763608494848
2021-09-15 03:00:00,5.472879080232055,1.980168609655488
2021-09-15 04:00:00,6.10137330528805,4.058740134587208
2021-09-15 05:00:00,2.4273507187444103,0.7438460637012394
2021-09-15 06:00:00,6.758797659413204,4.239207359762397
2021-09-15 07:00:00,14.6126247413207,12.467501034970516
2021-09-15 08:00:00,13.875842746846349,11.135360297767985
2021-09-15 09:00:00,16.598170960834743,16.09822030927964
2021-09-15 10:00:00,11.832922925138348,19.08243056773979
2021-09-15 11:00:00,10.945953590605242,17.152445136665563
2021-09-15 12:00:00,3.7346292373942624,9.388757829007275
2021-09-15 13:00:00,2.3105786743684646,6.5893474811926245
2021-09-15 14:00:00,11.502873735031898,12.74435665238682
2021-09-15 15:00:00,9.107924336395511,9.457252523782635
2021-09-15 16:00:00,9.08205949012286,9.056649974340164
2021-09-15 17:00:00,10.513905960238862,9.709405957601517
2021-09-15 18:00:00,10.474467132174858,5.981879004048771
2021-09-15 19:00:00,8.783671894393965,4.497710360317329
2021-09-15 20:00:00,6.138812093899126,3.4950984430608703
2021-09-15 21:00:00,5.814636913893509,3.3424247754717307
2021-09-15 22:00:00,4.365859601878633,2.5471011501412377
2021-09-15 23:00:00,1.7375957471329144,0.4278565697366794
2021-09-16 00:00:00,0.0,0.0
2021-09-16 01:00:00,0.0,0.0
2021-09-16 02:00:00,0.6018843706826296,0.4406866953035546
2021-09-16 03:00:00,1.7854873013209025,1.960981374687238
2021-09-16 04:00:00,3.2426801208518263,3.4024015444001146
2021-09-16 05:00:00,7.963380487166273,7.68992885492409
2021-09-16 06:00:00,9.631906753219567,9.066538042642382
2021-09-16 07:00:00,12.423451921876296,12.087338168874512
2021-09-16 08:00:00,15.126259401032778,17.035883756027303
2021-09-16 09:00:00,15.55521459912925,17.007873186805416
2021-09-16 10:00:00,14.53347615386533,14.981046394538623
2021-09-16 11:00:00,12.751140598646906,14.311256178616738
2021-09-16 12:00:00,9.258045004449247,12.206342561936625
2021-09-16 13:00:00,6.692580326791031,10.9374818892099
2021-09-16 14:00:00,9.662613848837507,10.211271435963155
2021-09-16 15:00:00,8.326174908296128,7.96087581338415
2021-09-16 16:00:00,10.008984732703633,8.9006539195518
2021-09-16 17:00:00,10.686535407926437,8.375869263462942
2021-09-16 18:00:00,11.198344813001242,6.3479624845955325
2021-09-16 19:00:00,10.607287644204082,3.860405374502716
2021-09-16 20:00:00,9.392938268022135,2.8589252330951838
2021-09-16 21:00:00,10.118007555383738,3.618544294760982
2021-09-16 22:00:00,6.96091268440782,0.9805979563805174
2021-09-16 23:00:00,5.8083546628525085,0.2658781662665461
2021-09-17 00:00:00,3.574765327102821,0.0
2021-09-17 01:00:00,3.370178494680104,0.0
2021-09-17 02:00:00,3.615898348784548,0.0
2021-09-17 03:00:00,5.964207602944718,1.1359342585546308
2021-09-17 04:00:00,7.805278187947632,3.4458638752562907
2021-09-17 05:00:00,11.245230934965496,7.719496666054944
2021-09-17 06:00:00,16.12890145796215,12.257073211895944
2021-09-17 07:00:00,12.28765969571949,7.78087392614926
2021-09-17 08:00:00,17.935335625114533,17.092645804143277
2021-09-17 09:00:00,20.434975324549804,21.53936680413024
2021-09-17 10:00:00,13.76993555976884,12.828977444407805
2021-09-17 11:00:00,6.273512520526182,9.935096771006233
2021-09-17 12:00:00,6.705976982526408,11.3691084883319
2021-09-17 13:00:00,6.499098722353317,9.539106922851593
2021-09-17 14:00:00,11.234848297727211,11.204658367596178
2021-09-17 15:00:00,10.031689170761323,7.991441848846838
2021-09-17 16:00:00,9.202158562556145,6.508870183507614
2021-09-17 17:00:00,9.623174399730893,5.759119805374183
2021-09-17 18:00:00,9.90556229907128,4.638227870409505
2021-09-17 19:00:00,10.37625382416488,4.62154888191723
2021-09-17 20:00:00,8.121393052471188,2.788684051152522
2021-09-17 21:00:00,8.583446788600071,3.558183313019025
2021-09-17 22:00:00,4.877785644141198,1.2411325200928989
2021-09-17 23:00:00,4.655676391759826,0.8437290100385333
2021-09-18 00:00:00,4.646445113556823,1.1991073993138386
2021-09-18 01:00:00,2.4447576650632783,0.0
2021-09-18 02:00:00,3.2306077530975728,0.0
2021-09-18 03:00:00,4.838767634480835,0.3998890890617126
2021-09-18 04:00:00,6.034929490457124,1.8117881834758265
2021-09-18 05:00:00,6.148798540272658,0.8699533812266473
2021-09-18 06:00:00,8.760824887154762,0.5860743395233712
2021-09-18 07:00:00,10.089322556733176,3.57012054015242
2021-09-18 08:00:00,8.4513896187885,2.543227431174476
2021-09-18 09:00:00,9.428202392752391,7.63394329428254
2021-09-18 10:00:00,9.487111713261925,7.874754896313021
2021-09-18 11:00:00,6.921049589710069,6.395067067704376
2021-09-18 12:00:00,3.6394602323321656,6.633836663941342
2021-09-18 13:00:00,6.9273138040984605,6.496993201570957
2021-09-18 14:00:00,10.090555547822316,6.560930661136567
2021-09-18 15:00:00,9.116498191723174,5.825959682315864
2021-09-18 16:00:00,9.667679187394665,6.605737433198977
2021-09-18 17:00:00,9.372999337655486,5.744491375476535
2021-09-18 18:00:00,12.290356464550571,6.177841092907949
2021-09-18 19:00:00,11.11438697684627,4.17281943352792
2021-09-18 20:00:00,10.090927191091064,3.915138311509396
2021-09-18 21:00:00,10.399849264458467,4.45049441958626
2021-09-18 22:00:00,10.884335607480727,4.563030048068265
2021-09-18 23:00:00,10.628687388808135,3.917860253702619
2021-09-19 00:00:00,7.7798672932985795,1.8615181009447497
2021-09-19 01:00:00,5.906585645820982,0.9851982190615284
2021-09-19 02:00:00,6.052808355945295,1.9418421792564848
2021-09-19 03:00:00,5.181710583899751,1.3585802202321062
2021-09-19 04:00:00,4.279765068087968,1.21548497324307
2021-09-19 05:00:00,7.758976365616469,2.6479110260501457
2021-09-19 06:00:00,12.47886886801702,7.72331075372241
2021-09-19 07:00:00,8.1965072623573,6.532572311441042
2021-09-19 08:00:00,5.886256824492552,7.263418917483307
2021-09-19 09:00:00,4.412069095151743,10.201048539047948
2021-09-19 10:00:00,0.0,7.696783715765564
2021-09-19 11:00:00,0.8275565018177176,6.811023235451289
2021-09-19 12:00:00,0.0,4.534391259977712
2021-09-19 13:00:00,3.8782757603668863,5.454611963726533
2021-09-19 14:00:00,5.935640607455436,4.707620029613876
2021-09-19 15:00:00,6.316599300444793,5.369850136226919
2021-09-19 16:00:00,8.613675752444045,6.638558849022852
2021-09-19 17:00:00,9.400168276217812,6.8870593154793
2021-09-19 18:00:00,14.47531408314062,9.594009123527725
2021-09-19 19:00:00,13.927530806339432,5.706652401534859
2021-09-19 20:00:00,14.69424818244624,6.204395562371171
2021-09-19 21:00:00,15.111288596190892,6.951338218211513
2021-09-19 22:00:00,19.565763019869244,10.177164376071875
2021-09-19 23:00:00,17.24672260880514,4.859105076509248
2021-09-20 00:00:00,15.298322506244215,2.035627314945746
2021-09-20 01:00:00,18.82402322961504,5.377883668792981
2021-09-20 02:00:00,17.19907395767678,2.6975482583932653
2021-09-20 03:00:00,17.638086963727513,4.213086925775301
2021-09-20 04:00:00,15.221287657347585,2.0407952554095914
2021-09-20 05:00:00,10.296821667256438,0.0
2021-09-20 06:00:00,10.04620904133902,0.0
2021-09-20 07:00:00,11.296554961325988,3.914233762511678
2021-09-20 08:00:00,16.669080350383915,20.694878653143284
2021-09-20 09:00:00,17.682535352266598,22.896894810716883
2021-09-20 10:00:00,9.19972862033462,14.72599166456382
2021-09-20 11:00:00,8.556043396123215,15.539783746454829
2021-09-20 12:00:00,4.15712576592702,12.20429244854208
2021-09-20 13:00:00,8.912411033620273,16.939764500544676
2021-09-20 14:00:00,1.9443087067666769,11.174592578416036
2021-09-20 15:00:00,4.101685514388432,13.412905347223816
2021-09-20 16:00:00,19.618116260227325,25.764297576991616
2021-09-20 17:00:00,26.43776760856267,29.440512998044596
2021-09-20 18:00:00,12.358177535542222,9.583138899233658
2021-09-20 19:00:00,14.82625816628294,4.380863005955055
2021-09-20 20:00:00,16.454513106487983,3.704777253973474
2021-09-20 21:00:00,18.986747830213872,4.501275131064345
2021-09-20 22:00:00,22.27235798802596,4.885447794436565
2021-09-20 23:00:00,18.664638062805675,2.571894877563349
2021-09-21 00:00:00,24.528738103632516,8.737270520637239
2021-09-21 01:00:00,21.093370148360087,4.600035907357171
2021-09-21 02:00:00,16.34030011852093,1.3047569907705725
2021-09-21 03:00:00,18.12552311372316,2.052474510936252
2021-09-21 04:00:00,15.022932392457506,1.0171369585014762
2021-09-21 05:00:00,17.78045233526707,1.7855429035900894
2021-09-21 06:00:00,21.93143741769885,5.100315234743693
2021-09-21 07:00:00,22.899293088887426,13.098003181439708
2021-09-21 08:00:00,29.83230139840879,35.091127140616194
2021-09-21 09:00:00,44.49182431546111,61.1512445624312
2021-09-21 10:00:00,22.43520849025682,34.53636284285682
2021-09-21 11:00:00,10.593441240569812,26.320965900199493
2021-09-21 12:00:00,0.0,8.086675705123335
2021-09-21 13:00:00,0.0,3.433631384777086
2021-09-21 14:00:00,0.0,4.304947132846816
2021-09-21 15:00:00,0.0,1.942735781793152
2021-09-21 16:00:00,0.0,7.394222725252188
2021-09-21 17:00:00,0.0,3.446583354949005
2021-09-21 18:00:00,6.39456390196715,3.089584059131643
2021-09-21 19:00:00,7.219173239114895,0.0
2021-09-21 20:00:00,6.021149559330453,0.0
2021-09-21 21:00:00,6.156316609330897,0.0
2021-09-21 22:00:00,8.267329852620648,0.7603491053895084
2021-09-21 23:00:00,6.153302225014901,0.3870905880364539
2021-09-22 00:00:00,4.395985193988672,0.0
2021-09-22 01:00:00,3.8021953354985456,0.0
2021-09-22 02:00:00,3.999152275907619,0.0
2021-09-22 03:00:00,4.569405438651263,0.0
2021-09-22 04:00:00,6.147309458743159,0.0
2021-09-22 05:00:00,9.000018091149308,1.7789402857336736
2021-09-22 06:00:00,7.536354184113058,1.5264475446832293
2021-09-22 07:00:00,14.932854234738093,11.18564084549716
2021-09-22 08:00:00,10.185036822646047,14.512493975144375
2021-09-22 09:00:00,16.307676787364507,26.04883433921787
2021-09-22 10:00:00,29.900134092999377,42.74196016152399
2021-09-22 11:00:00,18.715019898221527,30.179871155782383
2021-09-22 12:00:00,12.571076455406187,23.303051496683143
2021-09-22 13:00:00,6.099303951330398,12.583040239340182
2021-09-22 14:00:00,4.3039851295043015,4.300378531182467
2021-09-22 15:00:00,2.638942101572585,2.0128518480092232
2021-09-22 16:00:00,8.329471207281586,5.599615875089061
2021-09-22 17:00:00,5.471046366804508,2.93464774424245
2021-09-22 18:00:00,9.711186943035305,2.7083228769035887
2021-09-22 19:00:00,11.910169560156362,0.384556746460726
2021-09-22 20:00:00,9.612567510935053,2.72558717643966
2021-09-22 21:00:00,9.657772479062912,3.2127162586621054
2021-09-22 22:00:00,6.556391717593279,2.258669985002623
2021-09-22 23:00:00,4.406314092809247,1.1407998730221482
2021-09-23 00:00:00,7.40112867797496,2.6844143736166863
2021-09-23 01:00:00,4.0578260216895465,0.0
2021-09-23 02:00:00,1.485818864374565,0.0
2021-09-23 03:00:00,3.223494131111476,0.0
2021-09-23 04:00:00,1.9239602160402711,0.0
2021-09-23 05:00:00,1.6264364382840313,0.0
2021-09-23 06:00:00,2.6900942301950543,0.0
2021-09-23 07:00:00,4.725476845477196,2.084318194538028
2021-09-23 08:00:00,9.321148373362163,15.767937689363842
2021-09-23 09:00:00,21.549721607236123,29.013530714240144
2021-09-23 10:00:00,15.20143672007752,22.47967173851561
2021-09-23 11:00:00,20.07639311728491,28.98295791818996
2021-09-23 12:00:00,13.123549345469067,24.295209993843336
2021-09-23 13:00:00,0.0,10.601497880670928
2021-09-23 14:00:00,0.0,4.091779132266683
2021-09-23 15:00:00,0.0,2.7635123157159533
2021-09-23 16:00:00,0.0,2.2044416701096363
2021-09-23 17:00:00,0.5465533418459394,2.633964906402989
2021-09-23 18:00:00,8.783286060983613,3.769527828669492
2021-09-23 19:00:00,11.864688353139378,1.550162832509729
2021-09-23 20:00:00,14.445635730660044,2.42938053245185
2021-09-23 21:00:00,9.9340464206398,0.3929495795669258
2021-09-23 22:00:00,9.65028138561462,0.1637418234579168
2021-09-23 23:00:00,15.158657582560604,2.973757047799221
2021-09-24 00:00:00,18.058272924529756,7.935988057989995
2021-09-24 01:00:00,15.841155380082128,6.178396174463257
2021-09-24 02:00:00,17.699142519955707,4.92123736398739
2021-09-24 03:00:00,11.293390457360792,1.1707863482930456
2021-09-24 04:00:00,6.523077776866167,0.0
2021-09-24 05:00:00,4.279644221150221,0.0
2021-09-24 06:00:00,3.818678900872861,0.0
2021-09-24 07:00:00,6.424271846015884,2.350022147090847
2021-09-24 08:00:00,3.238675550632397,5.133343034168455
2021-09-24 09:00:00,4.705306165065647,8.823712746662977
2021-09-24 10:00:00,4.314624329306408,10.267135856070569
2021-09-24 11:00:00,9.602138845002528,16.47410323047815
2021-09-24 12:00:00,1.256896659896853,7.61270320863983
2021-09-24 13:00:00,1.3263288277698244,5.144287477916947
2021-09-24 14:00:00,3.969726419644431,4.37682217020738
2021-09-24 15:00:00,4.531824605484211,3.3345549451118144
2021-09-24 16:00:00,5.121894271341922,3.4469517270625385
2021-09-24 17:00:00,5.864818723996521,2.698795902485088
2021-09-24 18:00:00,9.369813737981858,3.5792898156540875
2021-09-24 19:00:00,7.083478108531036,0.0
2021-09-24 20:00:00,4.4735473367994345,0.0
2021-09-24 21:00:00,5.823007272886265,0.0
2021-09-24 22:00:00,6.24962928243724,2.0457747561701645
2021-09-24 23:00:00,3.9232559915749543,0.0
2021-09-25 00:00:00,3.3994750473284228,0.572879604253167
2021-09-25 01:00:00,2.3657052252237563,0.0
2021-09-25 02:00:00,1.95970768763555,0.3442351714254457
2021-09-25 03:00:00,1.8475600446504568,0.4376695375421739
2021-09-25 04:00:00,1.5754469353730904,0.0846072874404217
2021-09-25 05:00:00,1.509886241435222,0.2995868946595159
2021-09-25 06:00:00,4.631914305926504,2.398404123292055
2021-09-25 07:00:00,4.253514121959746,1.3055534748114432
2021-09-25 08:00:00,9.499116700714346,6.326271226972835
2021-09-25 09:00:00,15.690428055898876,13.460718522370572
2021-09-25 10:00:00,11.919338456546956,10.948507049061606
2021-09-25 11:00:00,4.860669396106434,9.324434221485134
2021-09-25 12:00:00,1.4793894548736333,8.725168529023005
2021-09-25 13:00:00,1.6589031540136006,6.476247848060986
2021-09-25 14:00:00,3.628154191082338,5.216203983797955
2021-09-25 15:00:00,6.575954346825242,5.230553937139086
2021-09-25 16:00:00,8.18844225370578,6.871005714509518
2021-09-25 17:00:00,8.795605274788578,6.612166347956848
2021-09-25 18:00:00,8.50775807954853,4.895931057615447
2021-09-25 19:00:00,7.667209316886492,3.870201155487326
2021-09-25 20:00:00,5.133483728789063,2.5094202202729576
2021-09-25 21:00:00,4.298918635705888,1.8291634774548733
2021-09-25 22:00:00,3.86702228359524,1.8686534873064249
2021-09-25 23:00:00,3.4478911172583864,1.7459135110170865
2021-09-26 00:00:00,3.0676029087238987,2.050846367594726
2021-09-26 01:00:00,0.7407672946872097,0.0
2021-09-26 02:00:00,0.1616673793579224,0.0
2021-09-26 03:00:00,0.271318816255409,0.0
2021-09-26 04:00:00,0.2828964218590357,0.1801357759848922
2021-09-26 05:00:00,1.453619278251942,0.957521901140666
2021-09-26 06:00:00,3.1903323141895115,2.954215004416942
2021-09-26 07:00:00,2.64428301263748,2.7546672625475086
2021-09-26 08:00:00,5.372213441139575,5.612662900182205
2021-09-26 09:00:00,5.409104788950177,6.451094942824292
2021-09-26 10:00:00,5.419459235396978,6.706322175029777
2021-09-26 11:00:00,6.393034822474295,8.767487080777249
2021-09-26 12:00:00,3.329091815548044,8.068061498578878
2021-09-26 13:00:00,1.9933517229197228,7.150438012769701
2021-09-26 14:00:00,4.120621852243623,7.010358638515769
2021-09-26 15:00:00,4.373703939587905,4.467261870276632
2021-09-26 16:00:00,7.545577894353109,6.86501435213392
2021-09-26 17:00:00,8.845933058838654,6.0243172028628615
2021-09-26 18:00:00,10.316695385610268,4.523270842929718
2021-09-26 19:00:00,9.908344289450682,2.9825574812848146
2021-09-26 20:00:00,10.054334338640466,3.427947264616436
2021-09-26 21:00:00,8.857142350375618,2.617852558731407
2021-09-26 22:00:00,6.900430060073013,2.035061497332185
2021-09-26 23:00:00,5.166279069261233,1.1797912255620275
2021-09-27 00:00:00,4.195964409087754,0.5854244802127706
2021-09-27 01:00:00,4.771365378664097,1.0970197044529435
2021-09-27 02:00:00,5.106415933898841,1.3200934213775677
2021-09-27 03:00:00,6.180006680070406,2.3848409054661914
2021-09-27 04:00:00,10.149001197798375,5.912004172223236
2021-09-27 05:00:00,13.793679200904544,10.635944485199662
2021-09-27 06:00:00,14.634494934361191,12.644307742611204
2021-09-27 07:00:00,17.667136350666873,17.585693168913817
2021-09-27 08:00:00,17.063186707804057,17.260354170061397
2021-09-27 09:00:00,18.447609592017056,20.61472201201824
2021-09-27 10:00:00,17.893394806727915,19.90518780066777
2021-09-27 11:00:00,16.441171743660888,20.82796060471756
2021-09-27 12:00:00,12.397397771227304,15.235462369784049
2021-09-27 13:00:00,8.340972517954238,11.560075133027976
2021-09-27 14:00:00,12.83546213512856,11.350703731804796
2021-09-27 15:00:00,13.83013293720746,9.554005969596831
2021-09-27 16:00:00,14.912217119622271,10.32946954647944
2021-09-27 17:00:00,15.335061750741517,8.013604739714099
2021-09-27 18:00:00,13.883140800210896,7.561490537734744
2021-09-27 19:00:00,10.332420602421088,4.2787392900220365
2021-09-27 20:00:00,8.864292354329773,4.137194363976725
2021-09-27 21:00:00,6.989875499511086,5.132002494915488
2021-09-27 22:00:00,5.000360062449687,3.393718072214109
2021-09-27 23:00:00,4.0984045394945525,1.8468529829641511
2021-09-28 00:00:00,2.0306762143735995,0.0
2021-09-28 01:00:00,3.581357139609306,0.527183505647173
2021-09-28 02:00:00,2.1220602454103528,0.0
2021-09-28 03:00:00,2.783078201608859,0.0
2021-09-28 04:00:00,2.3406022657725387,0.0
2021-09-28 05:00:00,2.248199882134088,0.0
2021-09-28 06:00:00,3.33529832072973,0.0
2021-09-28 07:00:00,5.084214866981149,0.0
2021-09-28 08:00:00,2.302230156630756,3.251439686428844
2021-09-28 09:00:00,1.301169496636298,4.348196506630274
2021-09-28 10:00:00,2.0440605221425407,5.571705088695788
2021-09-28 11:00:00,6.367417475735845,9.534626963357184
2021-09-28 12:00:00,9.180333619906088,12.796783994613484
2021-09-28 13:00:00,6.599473136545349,9.568652178215668
2021-09-28 14:00:00,8.624986462991146,10.104439928314765
2021-09-28 15:00:00,9.099851880632336,7.773806655342783
2021-09-28 16:00:00,12.293169561549789,10.617280465510229
2021-09-28 17:00:00,13.421391113115618,11.009245202589767
2021-09-28 18:00:00,16.926961737878514,9.078084044197931
2021-09-28 19:00:00,9.789796531883098,0.0
2021-09-28 20:00:00,7.641198295244415,0.0
2021-09-28 21:00:00,10.22278532170521,0.4819316437591379
2021-09-28 22:00:00,12.22768355281112,1.2378857559172154
2021-09-28 23:00:00,13.089576671535134,2.0645294623803547
2021-09-29 00:00:00,18.49616718156898,2.518266701156545
2021-09-29 01:00:00,19.586208495392952,2.1873255775249216
2021-09-29 02:00:00,16.2617058750029,0.7570278248766709
2021-09-29 03:00:00,14.279560764956363,0.0
2021-09-29 04:00:00,14.60196526397792,0.0
2021-09-29 05:00:00,10.203569229818877,0.0
2021-09-29 06:00:00,14.70522441908862,2.5554158207185638
2021-09-29 07:00:00,9.363892285706656,1.1880419410939531
2021-09-29 08:00:00,14.151082369340838,16.056452362092564
2021-09-29 09:00:00,17.982964010540282,22.84188138747301
2021-09-29 10:00:00,13.807626907323767,17.479299392182348
2021-09-29 11:00:00,11.27946767902603,15.874226914697266
2021-09-29 12:00:00,10.44098779746335,14.350852048543713
2021-09-29 13:00:00,11.544281473246244,14.520846924709607
2021-09-29 14:00:00,10.51133269451433,12.1237594984567
2021-09-29 15:00:00,12.69801095364711,12.05776795939068
2021-09-29 16:00:00,16.273073682196433,14.55530620156346
2021-09-29 17:00:00,16.288807885908483,13.239602564677238
2021-09-29 18:00:00,18.24908666765716,10.472868795420032
2021-09-29 19:00:00,19.62865583366361,7.356220743990386
2021-09-29 20:00:00,16.818416367221992,4.862392278562245
2021-09-29 21:00:00,16.528886580622423,4.880782874696528
2021-09-29 22:00:00,16.035118893067732,3.593806690468499
2021-09-29 23:00:00,22.33854235062396,8.758435371730883
2021-09-30 00:00:00,20.58752957793325,3.1283011639009928
2021-09-30 01:00:00,20.093195668197104,2.6058585256977125
2021-09-30 02:00:00,13.97327569480294,0.0
2021-09-30 03:00:00,12.365548366575208,0.0
2021-09-30 04:00:00,12.397472723136625,0.0
2021-09-30 05:00:00,19.754123118352364,8.029142475384484
2021-09-30 06:00:00,15.902226854268564,0.0
2021-09-30 07:00:00,18.084965703981094,7.736106027602474
2021-09-30 08:00:00,28.91618241218924,35.881406605672154
2021-09-30 09:00:00,26.83705081502272,34.411601892884285
2021-09-30 10:00:00,19.304489904677013,26.870303385930743
2021-09-30 11:00:00,17.50497695010619,25.11326952403976
2021-09-30 12:00:00,4.127246668263808,13.67503160464285
2021-09-30 13:00:00,5.717002240874464,15.855492544485584
2021-09-30 14:00:00,5.759695584733578,15.90891360971472
2021-09-30 15:00:00,8.618445300884385,14.71456981537322
2021-09-30 16:00:00,7.755516629091826,13.714459714835224
2021-09-30 17:00:00,4.330182727391627,6.647434113885701
2021-09-30 18:00:00,7.244933344739184,1.6053025815759057
2021-09-30 19:00:00,13.735511632861057,2.8038713338581296
2021-09-30 20:00:00,15.553396489490666,2.011246174545672
2021-09-30 21:00:00,13.605468310460392,0.0
2021-09-30 22:00:00,12.66548079167163,0.0
2021-09-30 23:00:00,13.925753844891013,0.0
2021-10-01 00:00:00,13.499162340334628,0.0633537506289911
2021-10-01 01:00:00,16.911759584618796,1.965675656999366
2021-10-01 02:00:00,17.709636592338946,2.776748155410761
2021-10-01 03:00:00,18.014504046839264,2.810094112601792
2021-10-01 04:00:00,16.99024783990857,2.4542276383838058
2021-10-01 05:00:00,15.120423133755915,1.2894443254663734
2021-10-01 06:00:00,18.26610832283958,3.1622437621775568
2021-10-01 07:00:00,22.09069941904662,15.227448941965909
2021-10-01 08:00:00,17.049316471012297,23.45492130918348
2021-10-01 09:00:00,23.784705666475244,41.02633614840106
2021-10-01 10:00:00,10.938278986240118,22.467249015814023
2021-10-01 11:00:00,10.864908162330137,23.691542224194738
2021-10-01 12:00:00,0.0,10.336439509345126
2021-10-01 13:00:00,0.0,6.209153323025241
2021-10-01 14:00:00,0.0,5.6176754841057
2021-10-01 15:00:00,0.0,4.072442412496791
2021-10-01 16:00:00,11.616767160834232,16.747613138381155
2021-10-01 17:00:00,0.0,4.620180462851895
2021-10-01 18:00:00,7.783415284277105,3.233557971764693
2021-10-01 19:00:00,10.506420580478412,3.406470806144448
2021-10-01 20:00:00,10.246165949863007,1.141766083559112
2021-10-01 21:00:00,14.114382590693817,1.4302777765049264
2021-10-01 22:00:00,15.085711606901905,1.0830147581946754
2021-10-01 23:00:00,17.283579735347935,2.22666469195606
2021-10-02 00:00:00,17.770514817745404,2.49142585119634
2021-10-02 01:00:00,20.250406860016973,4.929169546757642
2021-10-02 02:00:00,19.811851478309627,4.8148965998888364
2021-10-02 03:00:00,17.368627371275974,3.430757257947505
2021-10-02 04:00:00,13.58658391551283,1.2206179470617258
2021-10-02 05:00:00,12.191084189005778,0.5124775314425953
2021-10-02 06:00:00,13.310476841272106,1.686326980974961
2021-10-02 07:00:00,11.04091672466446,3.173925391942749
2021-10-02 08:00:00,11.970228956524055,13.657372792818215
2021-10-02 09:00:00,11.398417470118147,21.97161956691623
2021-10-02 10:00:00,6.702965268042618,21.135008969813413
2021-10-02 11:00:00,3.345568757685971,17.265621511749153
2021-10-02 12:00:00,0.0,10.657501008573457
2021-10-02 13:00:00,0.0,6.075203079507258
2021-10-02 14:00:00,0.0,5.299124565220744
2021-10-02 15:00:00,0.0,3.571869689973223
2021-10-02 16:00:00,0.0,1.8106147550047569
2021-10-02 17:00:00,0.0,2.603266360005012
2021-10-02 18:00:00,11.50605240370612,2.79288730015384
2021-10-02 19:00:00,12.329048139157006,0.927995583334237
2021-10-02 20:00:00,12.57396461435258,0.7310921351056408
2021-10-02 21:00:00,14.1624124964673,1.6173924549349863
2021-10-02 22:00:00,13.425202805604506,0.4488266148849931
2021-10-02 23:00:00,15.166466668382476,1.441694115891007
2021-10-03 00:00:00,19.52446099342496,4.57715992000492
2021-10-03 01:00:00,21.410040793640874,7.214758900660854
2021-10-03 02:00:00,17.548502780346475,4.449049986017972
2021-10-03 03:00:00,15.261768138279258,3.6793774800038257
2021-10-03 04:00:00,15.882101181259571,3.975377643296284
2021-10-03 05:00:00,12.626141309652812,2.127295718053219
2021-10-03 06:00:00,14.03435991392476,5.05886797447641
2021-10-03 07:00:00,13.27077219734911,5.0352288686670725
2021-10-03 08:00:00,8.577979527900066,9.470475299545946
2021-10-03 09:00:00,7.088887813558632,16.720786248693223
2021-10-03 10:00:00,0.3724369814721271,18.80306367269252
2021-10-03 11:00:00,0.0,17.69390106933453
2021-10-03 12:00:00,0.0,12.355022593615644
2021-10-03 13:00:00,0.0,9.195675379849323
2021-10-03 14:00:00,0.0,7.5051688738557
2021-10-03 15:00:00,0.0,6.298011521154304
2021-10-03 16:00:00,0.0,10.233727317908158
2021-10-03 17:00:00,0.0,3.78842593002921
2021-10-03 18:00:00,5.431749758341553,4.475866952473396
2021-10-03 19:00:00,9.74406823808838,2.6168513422420965
2021-10-03 20:00:00,14.89266384903248,3.150397037909812
2021-10-03 21:00:00,15.079147784369816,2.331431665027232
2021-10-03 22:00:00,14.359449805960775,0.6059130333266403
2021-10-03 23:00:00,14.121230334186308,0.999857782336104
2021-10-04 00:00:00,15.496741829558644,2.2550313353939515
2021-10-04 01:00:00,20.14950319415417,5.545863040143157
2021-10-04 02:00:00,21.32252766677512,7.076396708929602
2021-10-04 03:00:00,15.798006992380037,3.0509644714848214
2021-10-04 04:00:00,15.527465569436018,2.099314239539268
2021-10-04 05:00:00,13.95331693717572,1.105303498031887
2021-10-04 06:00:00,14.712416295843262,1.8227720110453876
2021-10-04 07:00:00,17.602455742017767,6.206990434880876
2021-10-04 08:00:00,19.055713549747285,18.34468565653937
2021-10-04 09:00:00,35.07223429090998,55.51160929587759
2021-10-04 10:00:00,25.74109094035608,43.67167260778016
2021-10-04 11:00:00,14.274448006728868,28.02278426063181
2021-10-04 12:00:00,5.434261917428032,17.956280733843393
2021-10-04 13:00:00,0.0,5.970552013445673
2021-10-04 14:00:00,0.0,6.259851237487521
2021-10-04 15:00:00,0.0,3.863432588879107
2021-10-04 16:00:00,0.0,4.929875830637062
2021-10-04 17:00:00,4.8164401093584885,4.275760150825516
2021-10-04 18:00:00,11.422550331782574,2.316462511196466
2021-10-04 19:00:00,8.995680109025336,0.0
2021-10-04 20:00:00,7.1165390936070665,0.0
2021-10-04 21:00:00,7.276279283709549,0.0
2021-10-04 22:00:00,8.129883422332782,0.0
2021-10-04 23:00:00,7.538266636626695,0.0
2021-10-05 00:00:00,5.594490056992576,0.0
2021-10-05 01:00:00,7.417618666134835,0.4126343923457867
2021-10-05 02:00:00,7.859022010369671,0.9462401372811512
2021-10-05 03:00:00,4.385525799460908,0.0
2021-10-05 04:00:00,3.73043297473674,0.0
2021-10-05 05:00:00,6.061269087890366,1.8766589692056144
2021-10-05 06:00:00,10.069245818593169,5.60684390075399
2021-10-05 07:00:00,16.23535078675982,13.56471711983366
2021-10-05 08:00:00,16.079970542145247,17.1433043546755
2021-10-05 09:00:00,11.543815957736967,20.33136782103061
2021-10-05 10:00:00,8.517353620752825,14.751827498778352
2021-10-05 11:00:00,8.607037160339598,14.195892055647883
2021-10-05 12:00:00,2.8328736367973235,9.852932216687387
2021-10-05 13:00:00,3.4408246017857387,10.158620966790709
2021-10-05 14:00:00,11.013482226140017,12.260228072847497
2021-10-05 15:00:00,13.178766838370866,10.197930579032446
2021-10-05 16:00:00,12.58394650291126,11.3979514330351
2021-10-05 17:00:00,11.295837169893543,8.722297871857622
2021-10-05 18:00:00,11.83252965578302,5.060931638921453
2021-10-05 19:00:00,11.075500169534925,3.230013595131126
2021-10-05 20:00:00,10.50431824497694,2.565992142024701
2021-10-05 21:00:00,8.312387744942185,2.1729026322352034
2021-10-05 22:00:00,6.865991569863105,1.4845860833787583
2021-10-05 23:00:00,6.6903953296829854,1.1629989992687442
2021-10-06 00:00:00,6.685143879700796,1.0895038526636576
2021-10-06 01:00:00,7.13926464912263,1.3788837977872035
2021-10-06 02:00:00,6.959055598485762,1.9805544304605256
2021-10-06 03:00:00,7.628449651348539,3.0481693426892957
2021-10-06 04:00:00,7.312948774675547,3.9060849574754286
2021-10-06 05:00:00,9.532406560265258,6.6864934975869375
2021-10-06 06:00:00,11.86770312354,8.837149456489616
2021-10-06 07:00:00,11.76306505343546,9.160883873806924
2021-10-06 08:00:00,14.093806394780188,12.981986110418108
2021-10-06 09:00:00,13.216252368447291,12.218102148729338
2021-10-06 10:00:00,12.23196020044058,12.54129824363903
2021-10-06 11:00:00,10.971950768940792,13.20313300814028
2021-10-06 12:00:00,9.029679479994858,14.266211301480148
2021-10-06 13:00:00,6.948308784183496,10.97063012787252
2021-10-06 14:00:00,10.44943178654389,10.653107508542211
2021-10-06 15:00:00,9.219573350021191,10.449983362941826
2021-10-06 16:00:00,11.736569732699492,9.756151048707084
2021-10-06 17:00:00,14.0433467607077,9.639414883882855
2021-10-06 18:00:00,13.298401995498452,7.099999663537385
2021-10-06 19:00:00,12.138059758949897,4.660374614971708
2021-10-06 20:00:00,10.123994345846562,2.576008672699814
2021-10-06 21:00:00,10.037875766099848,2.9578720360770063
2021-10-06 22:00:00,9.257805237036262,2.257156703357385
2021-10-06 23:00:00,8.557736234536094,2.132587859489295
2021-10-07 00:00:00,6.7260971875732025,0.8847784599388326
2021-10-07 01:00:00,7.019860423940251,1.369842089553952
2021-10-07 02:00:00,6.666171006840948,1.261458623327151
2021-10-07 03:00:00,8.173494565722983,3.157993987703445
2021-10-07 04:00:00,10.977977210039022,6.171141987158897
2021-10-07 05:00:00,13.031758798451918,7.65076481242729
2021-10-07 06:00:00,14.37858304372159,9.191178600846834
2021-10-07 07:00:00,15.299168914625774,11.288522484856117
2021-10-07 08:00:00,14.08042358958594,11.81987963692996
2021-10-07 09:00:00,15.393020917282096,15.16909005418158
2021-10-07 10:00:00,12.781950882994671,13.575006799291367
2021-10-07 11:00:00,9.825605984454558,13.293347763849876
2021-10-07 12:00:00,8.595434639588923,12.16854905403196
2021-10-07 13:00:00,7.700359016853316,9.18263089873022
2021-10-07 14:00:00,11.56328028579977,10.275833100917785
2021-10-07 15:00:00,12.364901836015209,10.643470678368146
2021-10-07 16:00:00,14.656342977001277,10.444990386651844
2021-10-07 17:00:00,14.913678903523335,9.20933907769537
2021-10-07 18:00:00,13.22188883514314,5.627038321740795
2021-10-07 19:00:00,11.76774522255096,4.242266381184841
2021-10-07 20:00:00,10.082089327264216,2.9291271567825348
2021-10-07 21:00:00,9.451448852965818,2.747233515245142
2021-10-07 22:00:00,8.735640507931372,2.5204815701645416
2021-10-07 23:00:00,7.569971617671076,1.3392895628894834
2021-10-08 00:00:00,7.074166391263834,1.0642510519532706
2021-10-08 01:00:00,6.060250604005027,0.5943669797084752
2021-10-08 02:00:00,5.878140050876937,0.887137507642219
2021-10-08 03:00:00,6.527301178384281,1.6136277183501342
2021-10-08 04:00:00,8.9226522997978,4.0387728412784725
2021-10-08 05:00:00,11.71730259736708,7.194125114395094
2021-10-08 06:00:00,13.122793176122304,9.190118134022622
2021-10-08 07:00:00,16.38105036403823,11.23356719706451
2021-10-08 08:00:00,17.20085846603453,18.147741561818236
2021-10-08 09:00:00,17.196478280779807,20.583621938595314
2021-10-08 10:00:00,11.4980779064802,16.256734421598185
2021-10-08 11:00:00,10.167879376216906,12.724165831314048
2021-10-08 12:00:00,9.133244710979696,9.78916097753144
2021-10-08 13:00:00,10.642696485045144,8.637972118375975
2021-10-08 14:00:00,11.158170617068135,8.43780341138833
2021-10-08 15:00:00,10.134176552449055,6.3027212084687605
2021-10-08 16:00:00,12.621758573946297,7.905636794666462
2021-10-08 17:00:00,13.34996851194004,6.344603456056653
2021-10-08 18:00:00,13.2863841051755,5.526534565483729
2021-10-08 19:00:00,11.536031056043347,4.024977505921417
2021-10-08 20:00:00,12.239558330203614,4.517955385176158
2021-10-08 21:00:00,12.308138704876832,4.617942367911638
2021-10-08 22:00:00,9.729907762220158,3.400443185429193
2021-10-08 23:00:00,9.342119687281633,3.567802699110868
2021-10-09 00:00:00,8.865894823730905,2.952744736788631
2021-10-09 01:00:00,6.505831064248014,0.1999428473278222
2021-10-09 02:00:00,7.443561428536139,0.7847558526566978
2021-10-09 03:00:00,12.163510916114696,3.778701070748756
2021-10-09 04:00:00,10.811209268370526,2.3672771759682085
2021-10-09 05:00:00,12.945654146889268,1.952076551585442
2021-10-09 06:00:00,11.994220057886253,1.0336291817162042
2021-10-09 07:00:00,10.428641984911645,1.9693975868733984
2021-10-09 08:00:00,13.505472060014192,13.586512183413156
2021-10-09 09:00:00,5.1176585421453495,9.779961489667102
2021-10-09 10:00:00,7.865273831137351,11.281498229598482
2021-10-09 11:00:00,4.837081705798905,8.24126706113814
2021-10-09 12:00:00,1.1597894254150845,4.685530678618331
2021-10-09 13:00:00,0.0,0.0
2021-10-09 14:00:00,0.0,0.0
2021-10-09 15:00:00,3.1568345483721743,3.981021380175509
2021-10-09 16:00:00,16.737996563026538,12.50217319569569
2021-10-09 17:00:00,17.852505123610396,11.191101814093072
2021-10-09 18:00:00,21.510974861991123,11.175244924839475
2021-10-09 19:00:00,17.866432846241146,5.289773596787345
2021-10-09 20:00:00,15.493363747487294,4.060707338086203
2021-10-09 21:00:00,18.36725440045058,6.178988417980655
2021-10-09 22:00:00,16.492982721003514,5.373500946986955
2021-10-09 23:00:00,14.823006016825858,3.7705684387849674
2021-10-10 00:00:00,21.687177953487534,6.032758199289468
2021-10-10 01:00:00,23.002153746441703,7.422166595743532
2021-10-10 02:00:00,24.036020309164797,10.224707045754563
2021-10-10 03:00:00,17.950918920758003,3.767349809471845
2021-10-10 04:00:00,14.696260738891944,0.7789838195713017
2021-10-10 05:00:00,15.82576053173291,1.82081959886294
2021-10-10 06:00:00,17.069862536408785,2.994903379449994
2021-10-10 07:00:00,16.958555237923854,5.3271653899523415
2021-10-10 08:00:00,17.452095521658084,18.087118840910808
2021-10-10 09:00:00,11.337835954124904,15.018335144494523
2021-10-10 10:00:00,7.279248618473105,11.303987305627878
2021-10-10 11:00:00,5.2598363031100845,9.066653196290682
2021-10-10 12:00:00,4.186995201206528,8.317116277266177
2021-10-10 13:00:00,3.5969670159341014,6.879769671604013
2021-10-10 14:00:00,5.681328600764207,6.245099312942475
2021-10-10 15:00:00,4.826526991582057,4.0042172650907375
2021-10-10 16:00:00,12.8523848728046,9.341997571922152
2021-10-10 17:00:00,13.311301770373245,7.004989741177521
2021-10-10 18:00:00,13.868387152099524,3.881370153491428
2021-10-10 19:00:00,13.77381351797274,2.573809602970755
2021-10-10 20:00:00,11.624671924853082,1.6823763283191973
2021-10-10 21:00:00,8.786410002397798,0.0
2021-10-10 22:00:00,9.47490509056145,0.0
2021-10-10 23:00:00,9.5438697615024,0.409869967651101
2021-10-11 00:00:00,10.31017318807011,0.6579227003722572
2021-10-11 01:00:00,5.576021152798063,0.9062314157329894
2021-10-11 02:00:00,4.28590979203549,0.6890625415935183
2021-10-11 03:00:00,6.934813921787693,1.9390078848302397
2021-10-11 04:00:00,13.994576591346467,6.621056493352157
2021-10-11 05:00:00,8.292538547088071,1.942535682202713
2021-10-11 06:00:00,7.903625406017078,1.2702736460913115
2021-10-11 07:00:00,8.372690606846092,2.0911586003299725
2021-10-11 08:00:00,5.934878249694616,5.109606582993234
2021-10-11 09:00:00,4.415407619041197,5.190238523483302
2021-10-11 10:00:00,7.111738404406111,8.327878084244796
2021-10-11 11:00:00,5.587776865372973,6.6519421418035485
2021-10-11 12:00:00,6.215752030806222,7.568890905521991
2021-10-11 13:00:00,2.263510068446301,3.2068789883087483
2021-10-11 14:00:00,5.7182197254841896,4.585654930205703
2021-10-11 15:00:00,7.535640303018653,4.589392767714237
2021-10-11 16:00:00,3.4373282700894805,1.9749282618431143
2021-10-11 17:00:00,8.191522307829878,4.051671086948183
2021-10-11 18:00:00,11.827360932848835,3.182509013184859
2021-10-11 19:00:00,12.76343885624209,3.4904673020888985
2021-10-11 20:00:00,15.083253509631897,2.950974455323628
2021-10-11 21:00:00,9.758703917116367,0.0
2021-10-11 22:00:00,11.257648799809012,0.5497196610480195
2021-10-11 23:00:00,12.84163875957698,1.659724100319032
2021-10-12 00:00:00,9.184378455243657,1.1489279955415093
2021-10-12 01:00:00,12.123604418674711,2.2757616173207573
2021-10-12 02:00:00,13.021961379570374,2.1239904486353822
2021-10-12 03:00:00,11.717720623438325,0.9443548920478192
2021-10-12 04:00:00,12.821162193567009,1.2118641868508675
2021-10-12 05:00:00,15.435529839322845,3.3797262607177565
2021-10-12 06:00:00,25.19474350429996,10.876031633257206
2021-10-12 07:00:00,13.50296951291217,3.09183056301109
2021-10-12 08:00:00,7.028184269159748,5.55174985694978
2021-10-12 09:00:00,4.610091033627334,4.366865515286239
2021-10-12 10:00:00,3.0847849081966814,4.630316278889936
2021-10-12 11:00:00,0.9589930219868208,3.847220445441014
2021-10-12 12:00:00,0.6331717742545493,3.982989614107496
2021-10-12 13:00:00,1.2842921851552305,3.521628869723788
2021-10-12 14:00:00,12.337615338743673,11.47896557953918
2021-10-12 15:00:00,20.823536626344588,16.686464304530258
2021-10-12 16:00:00,17.46178633585474,11.370303166308842
2021-10-12 17:00:00,17.630047953956698,9.067192315771791
2021-10-12 18:00:00,19.484175445812504,5.775561952379562
2021-10-12 19:00:00,21.764143061866108,7.063558621960507
2021-10-12 20:00:00,18.89996335093081,3.5188633694544222
2021-10-12 21:00:00,15.23405216403399,0.2128990666327261
2021-10-12 22:00:00,18.35358879886576,0.644692219193189
2021-10-12 23:00:00,16.390522884058377,0.1649472474332647
2021-10-13 00:00:00,10.709304774154203,0.0
2021-10-13 01:00:00,10.86776676766796,0.0
2021-10-13 02:00:00,14.615760689541062,0.5913994143221473
2021-10-13 03:00:00,14.47025029722492,0.7698960596490316
2021-10-13 04:00:00,17.957282221573703,2.45783271665929
2021-10-13 05:00:00,15.08549818077116,1.0529562752508357
2021-10-13 06:00:00,22.478243732759054,7.0102865098292
2021-10-13 07:00:00,25.6664635039392,12.41815653573332
2021-10-13 08:00:00,24.133373696469494,19.285247405692157
2021-10-13 09:00:00,27.24933222774893,31.198359249993896
2021-10-13 10:00:00,18.665481436054502,19.357096048843005
2021-10-13 11:00:00,16.5320879185521,13.9894758879052
2021-10-13 12:00:00,15.259929210913375,12.537033571765855
2021-10-13 13:00:00,11.96471118883803,11.50031898795322
2021-10-13 14:00:00,12.514917399072145,10.939866306220551
2021-10-13 15:00:00,11.43727533943316,10.600405546082037
2021-10-13 16:00:00,15.65708175923062,14.049123935507357
2021-10-13 17:00:00,18.32541104935077,14.537807084599535
2021-10-13 18:00:00,17.726898903863606,8.959054453399483
2021-10-13 19:00:00,14.655908281621024,5.110209660551988
2021-10-13 20:00:00,14.944975640236745,4.249375570724563
2021-10-13 21:00:00,14.514817931678415,3.7427349158172056
2021-10-13 22:00:00,14.34626524770974,0.8865014859422651
2021-10-13 23:00:00,16.320296311201197,1.5159303403129485
2021-10-14 00:00:00,15.148260696984618,0.7411530651367286
2021-10-14 01:00:00,16.723047498496648,1.158551435869331
2021-10-14 02:00:00,14.77843509542791,0.0898721025332491
2021-10-14 03:00:00,13.24989153801356,0.0
2021-10-14 04:00:00,14.018220583102334,0.0
2021-10-14 05:00:00,16.60440496932575,0.7636652209753017
2021-10-14 06:00:00,19.463495762997645,4.976071849196305
2021-10-14 07:00:00,26.385867228681,22.28839453979275
2021-10-14 08:00:00,36.862450169044834,55.86072680609864
2021-10-14 09:00:00,35.3150559559669,51.08873470625536
2021-10-14 10:00:00,25.86830613077902,37.60246094981777
2021-10-14 11:00:00,23.02399902444434,35.11088105029362
2021-10-14 12:00:00,12.984976995062553,18.702142383616334
2021-10-14 13:00:00,3.3560725327968086,7.249373510882764
2021-10-14 14:00:00,17.534050802939475,20.927409214353837
2021-10-14 15:00:00,21.047716455244423,19.90650935457225
2021-10-14 16:00:00,18.245121457842053,15.759323160357772
2021-10-14 17:00:00,15.675432381122237,9.743680989678683
2021-10-14 18:00:00,19.66412196467805,7.039471921840857
2021-10-14 19:00:00,17.93680745420538,1.5034588275685543
2021-10-14 20:00:00,19.71107019141919,1.856959506311611
2021-10-14 21:00:00,18.678132232840703,0.9713753146227476
2021-10-14 22:00:00,20.00633621045216,1.5185833446843908
2021-10-14 23:00:00,22.08013801922833,3.574915926583362
2021-10-15 00:00:00,25.67843778440524,8.775910420687524
2021-10-15 01:00:00,24.30151285947612,6.303049309072737
2021-10-15 02:00:00,17.406900786921526,0.9931162043157188
2021-10-15 03:00:00,16.938585876608766,0.7048061575958826
2021-10-15 04:00:00,16.913967765116922,0.9309220082942816
2021-10-15 05:00:00,16.45880519109465,1.1686740790386096
2021-10-15 06:00:00,19.47197442545335,2.5185387309561342
2021-10-15 07:00:00,23.571012389098133,9.561554718011308
2021-10-15 08:00:00,33.57442300297571,46.10740654206349
2021-10-15 09:00:00,49.84988631508168,80.13402962583262
2021-10-15 10:00:00,36.314192466529846,55.4713436839962
2021-10-15 11:00:00,28.70435123694681,43.633365228896885
2021-10-15 12:00:00,30.611586614760668,46.50100714059758
2021-10-15 13:00:00,21.03193523757717,29.367845232237592
2021-10-15 14:00:00,6.203942829558649,11.47037642824374
2021-10-15 15:00:00,1.07839975607844,6.528538058664708
2021-10-15 16:00:00,2.1089213275840777,6.694346284025297
2021-10-15 17:00:00,1.2301411916992535,4.408057049907036
2021-10-15 18:00:00,13.509332783026837,5.505263335410191
2021-10-15 19:00:00,26.501680700225545,8.919310476022119
2021-10-15 20:00:00,28.034652871881555,7.668995146824713
2021-10-15 21:00:00,29.579925611370403,10.064351509764329
2021-10-15 22:00:00,27.495954780108335,9.216920526764891
2021-10-15 23:00:00,23.43313183733116,4.2091516778105245
2021-10-16 00:00:00,26.863369322599244,8.163666884204467
2021-10-16 01:00:00,19.328829089108773,1.7080571506670097
2021-10-16 02:00:00,19.37739381966661,1.5814935221937532
2021-10-16 03:00:00,16.18425170803737,0.9233614755578756
2021-10-16 04:00:00,15.912659783939723,0.8393482884629684
2021-10-16 05:00:00,18.540867925476505,2.01107446587978
2021-10-16 06:00:00,20.095462350255158,2.6320784000435147
2021-10-16 07:00:00,25.24389169620002,11.153783621039372
2021-10-16 08:00:00,29.81799582844434,36.42068536582288
2021-10-16 09:00:00,22.215365732274385,33.76685685866517
2021-10-16 10:00:00,17.19674632289613,24.7699885435436
2021-10-16 11:00:00,8.772456490266904,16.475987281270065
2021-10-16 12:00:00,5.706013413153666,17.357900836612274
2021-10-16 13:00:00,0.0,11.27748352087498
2021-10-16 14:00:00,0.0,5.545486003426451
2021-10-16 15:00:00,0.0,3.253935405846889
2021-10-16 16:00:00,0.0,6.190815898386585
2021-10-16 17:00:00,5.56784570997079,11.612045341457677
2021-10-16 18:00:00,10.440897659046694,5.361472087992723
2021-10-16 19:00:00,10.469662894705673,2.264704814648681
2021-10-16 20:00:00,10.940685521778684,2.716687046664216
2021-10-16 21:00:00,26.17018813624767,11.323422121611957
2021-10-16 22:00:00,21.16978997364888,4.183631064731717
2021-10-16 23:00:00,20.798117709906485,5.465436130302837
2021-10-17 00:00:00,12.765644270617983,2.4406400631202416
2021-10-17 01:00:00,14.192660901635069,3.4697878128400177
2021-10-17 02:00:00,10.260772123214252,0.8187830752417788
2021-10-17 03:00:00,9.107639445729616,0.1023015460409269
2021-10-17 04:00:00,10.70091547365988,0.6887111871590363
2021-10-17 05:00:00,14.156380850799458,2.758592246621813
2021-10-17 06:00:00,16.613507775868495,4.804062198788262
2021-10-17 07:00:00,14.238811800692403,4.089023111341486
2021-10-17 08:00:00,7.454192772394702,3.3984960864732265
2021-10-17 09:00:00,4.566943613604373,8.900190936695425
2021-10-17 10:00:00,6.889776941035677,9.894287523014626
2021-10-17 11:00:00,6.088897577554167,8.683686422156642
2021-10-17 12:00:00,10.946024110468764,10.4757374386103
2021-10-17 13:00:00,6.126282600670098,7.506532518002075
2021-10-17 14:00:00,5.885137441707993,4.704118081780916
2021-10-17 15:00:00,7.649165426758465,5.595087806060853
2021-10-17 16:00:00,10.051577813124576,5.439788940557424
2021-10-17 17:00:00,8.396798244365943,2.1526404019365124
2021-10-17 18:00:00,8.713664848333806,1.7819741480803692
2021-10-17 19:00:00,8.368593697046713,1.3769795736205914
2021-10-17 20:00:00,8.634847209550195,2.4196647796944437
2021-10-17 21:00:00,9.284792758020371,2.446589287865379
2021-10-17 22:00:00,8.88961067048563,2.1963336557714186
2021-10-17 23:00:00,6.79079252354483,1.6768747228498349
2021-10-18 00:00:00,5.699249540039844,0.8183491142763266
2021-10-18 01:00:00,6.224053476603888,1.4839537613548617
2021-10-18 02:00:00,7.904260766201236,2.697634833923793
2021-10-18 03:00:00,10.23788957170458,3.979163300669324
2021-10-18 04:00:00,13.148538023120508,6.29212097313992
2021-10-18 05:00:00,15.733243836401112,9.34483152454572
2021-10-18 06:00:00,17.212925800651238,11.935852458549192
2021-10-18 07:00:00,21.8521097701203,16.41933571445523
2021-10-18 08:00:00,20.103315383331925,22.657670372255872
2021-10-18 09:00:00,16.2026261171343,20.42431995669621
2021-10-18 10:00:00,12.982588167228393,15.95899383612071
2021-10-18 11:00:00,13.146266348129544,14.25360165850609
2021-10-18 12:00:00,9.578604932500468,13.485840626796294
2021-10-18 13:00:00,10.560073820355877,12.64536528082011
2021-10-18 14:00:00,12.767265071095805,11.62561243917531
2021-10-18 15:00:00,11.876755205162915,9.832572904279832
2021-10-18 16:00:00,13.32800498272956,10.438464454820377
2021-10-18 17:00:00,14.37750224937268,9.214605436584597
2021-10-18 18:00:00,14.908156866746452,6.318148466748617
2021-10-18 19:00:00,13.865123616953635,5.105799412753584
2021-10-18 20:00:00,12.802367637253523,1.7933299970310514
2021-10-18 21:00:00,12.134830387665687,1.1729366081424644
2021-10-18 22:00:00,11.978625698114922,2.9440115451878057
2021-10-18 23:00:00,13.00339435606881,1.0613256179346775
2021-10-19 00:00:00,13.08881166175589,0.0902285988987259
2021-10-19 01:00:00,11.626772594039515,0.0
2021-10-19 02:00:00,12.585998798408454,0.0
2021-10-19 03:00:00,14.724524312690988,0.5323142661722748
2021-10-19 04:00:00,19.6599087964562,5.422059426006324
2021-10-19 05:00:00,23.617732349597027,11.455448691085907
2021-10-19 06:00:00,17.716943154430965,3.187614889040848
2021-10-19 07:00:00,20.016638220697548,8.047709533937521
2021-10-19 08:00:00,32.60541172609104,41.265101415680434
2021-10-19 09:00:00,27.12305385754871,29.391607912299666
2021-10-19 10:00:00,19.5683012177938,20.24157558468805
2021-10-19 11:00:00,9.40278566434544,15.037785636713606
2021-10-19 12:00:00,10.890706704351174,14.612463412728804
2021-10-19 13:00:00,10.98387041472327,12.077193428403229
2021-10-19 14:00:00,10.05349387876121,10.100571820437924
2021-10-19 15:00:00,9.642960880128063,9.47039854364055
2021-10-19 16:00:00,6.853187573163947,2.9272850460681816
2021-10-19 17:00:00,12.985047110211973,7.906460298447261
2021-10-19 18:00:00,9.302978053522349,4.551172415475406
2021-10-19 19:00:00,9.469677890534571,4.637698033400696
2021-10-19 20:00:00,9.84391835593162,3.812224057086368
2021-10-19 21:00:00,9.52955639313992,3.561358538847728
2021-10-19 22:00:00,8.658163509367665,3.4798808933656424
2021-10-19 23:00:00,11.775594434467234,1.7747158210485097
2021-10-20 00:00:00,8.223393099234627,0.0054728693070131
2021-10-20 01:00:00,6.781367367373175,0.5956925049488611
2021-10-20 02:00:00,6.613390758983414,0.7498383409633647
2021-10-20 03:00:00,9.6934724938444,2.0808269437044906
2021-10-20 04:00:00,11.090821854717127,2.545980862956462
2021-10-20 05:00:00,8.062050403029886,0.3837343561468245
2021-10-20 06:00:00,7.43243107717889,0.0
2021-10-20 07:00:00,8.783350319510728,0.0781742135123444
2021-10-20 08:00:00,9.88438066326428,2.7389068347394527
2021-10-20 09:00:00,15.65006664732364,7.441574415059481
2021-10-20 10:00:00,8.260659066604752,2.684965707970129
2021-10-20 11:00:00,17.518813182446788,13.197619258545668
2021-10-20 12:00:00,19.88728751167605,15.548074363772969
2021-10-20 13:00:00,17.284254383852495,12.96831373596662
2021-10-20 14:00:00,28.25425512668612,24.49139102165917
2021-10-20 15:00:00,19.226476984822792,11.727783515031524
2021-10-20 16:00:00,14.875048991040616,7.889551385718581
2021-10-20 17:00:00,15.36414396091118,7.611907054934678
2021-10-20 18:00:00,6.82899767451433,0.0
2021-10-20 19:00:00,8.985694053560021,0.0
2021-10-20 20:00:00,9.832752252636098,0.5791410056530495
2021-10-20 21:00:00,9.944811315336736,1.1377736955530755
2021-10-20 22:00:00,11.816180560541095,2.564039210414549
2021-10-20 23:00:00,10.3109686895069,1.830236535411391
2021-10-21 00:00:00,7.140056191338815,0.7515380182667499
2021-10-21 01:00:00,8.042077744110799,1.447043494898935
2021-10-21 02:00:00,12.313130909155936,4.410358027900692
2021-10-21 03:00:00,10.466286590562376,4.424704653118578
2021-10-21 04:00:00,11.575630404649637,3.579548977027983
2021-10-21 05:00:00,15.853324161604045,8.610963093796881
2021-10-21 06:00:00,14.592757072210963,9.394846573827518
2021-10-21 07:00:00,20.741151670981058,17.93170945236548
2021-10-21 08:00:00,19.67629083329122,17.593274635573014
2021-10-21 09:00:00,22.83245066470066,24.16026060399426
2021-10-21 10:00:00,19.40129936025979,19.722012465033625
2021-10-21 11:00:00,11.34976265209814,19.653707061086592
2021-10-21 12:00:00,12.566187805994748,11.804312970255072
2021-10-21 13:00:00,14.635265261157691,12.463685976023388
2021-10-21 14:00:00,14.29834540042669,10.883078342541667
2021-10-21 15:00:00,11.628756467664488,9.4806847217489
2021-10-21 16:00:00,13.405673606763711,11.7439189020787
2021-10-21 17:00:00,13.849163650475727,10.233281693436908
2021-10-21 18:00:00,12.974440954369449,7.269259880575927
2021-10-21 19:00:00,8.645991392716862,3.088279375299127
2021-10-21 20:00:00,7.647305621919408,2.8143308343608204
2021-10-21 21:00:00,8.901837537625418,3.2371083586287845
2021-10-21 22:00:00,9.566190012770186,3.8241904970951417
2021-10-21 23:00:00,8.22565072234697,2.42228441095547
2021-10-22 00:00:00,5.138693567483475,0.8825012293405194
2021-10-22 01:00:00,6.289250924713357,1.5246164944313811
2021-10-22 02:00:00,7.778699693238998,1.576224939784943
2021-10-22 03:00:00,8.175124491164969,1.0914887228066306
2021-10-22 04:00:00,10.94319052093742,5.0323007176716565
2021-10-22 05:00:00,7.154949534527503,4.061822200068232
2021-10-22 06:00:00,10.673638893323677,8.060964858011708
2021-10-22 07:00:00,12.577427504994262,9.756433972015868
2021-10-22 08:00:00,17.238480188644708,16.77937504608209
2021-10-22 09:00:00,13.202938536215695,14.04153996028883
2021-10-22 10:00:00,,
2021-10-22 11:00:00,,
2021-10-22 12:00:00,,
2021-10-22 13:00:00,,
2021-10-22 14:00:00,,
2021-10-22 15:00:00,,
2021-10-22 16:00:00,,
2021-10-22 17:00:00,,
2021-10-22 18:00:00,,
2021-10-22 19:00:00,,
2021-10-22 20:00:00,,
2021-10-22 21:00:00,,
2021-10-22 22:00:00,,
2021-10-22 23:00:00,,
2021-10-23 00:00:00,,
2021-10-23 01:00:00,,
2021-10-23 02:00:00,,
2021-10-23 03:00:00,,
2021-10-23 04:00:00,,
2021-10-23 05:00:00,,
2021-10-23 06:00:00,,
2021-10-23 07:00:00,,
2021-10-23 08:00:00,,
2021-10-23 09:00:00,10.449243197729018,10.111726773852473
2021-10-23 10:00:00,6.135099232307859,7.26144521726928
2021-10-23 11:00:00,,
2021-10-23 12:00:00,,
2021-10-23 13:00:00,,
2021-10-23 14:00:00,,
2021-10-23 15:00:00,,
2021-10-23 16:00:00,,
2021-10-23 17:00:00,,
2021-10-23 18:00:00,,
2021-10-23 19:00:00,,
2021-10-23 20:00:00,,
2021-10-23 21:00:00,,
2021-10-23 22:00:00,,
2021-10-23 23:00:00,,
2021-10-24 00:00:00,,
2021-10-24 01:00:00,,
2021-10-24 02:00:00,,
2021-10-24 03:00:00,,
2021-10-24 04:00:00,,
2021-10-24 05:00:00,,
2021-10-24 06:00:00,,
2021-10-24 07:00:00,,
2021-10-24 08:00:00,,
2021-10-24 09:00:00,0.9599414809866432,0.0
2021-10-24 10:00:00,1.392551443403228,0.0
2021-10-24 11:00:00,0.2295402174495677,0.0
2021-10-24 12:00:00,0.4238781575020311,0.0354238969049305
2021-10-24 13:00:00,0.0,0.0
2021-10-24 14:00:00,0.0,0.0
2021-10-24 15:00:00,0.1793564225437904,0.023764779083816
2021-10-24 16:00:00,1.3878437414799762,1.2441354169543075
2021-10-24 17:00:00,3.270921721363486,2.923298182311612
2021-10-24 18:00:00,1.2481958424085633,1.4988941422880373
2021-10-24 19:00:00,0.2484062508371209,1.0889115035427783
2021-10-24 20:00:00,1.6484590229043334,1.3837601898056882
2021-10-24 21:00:00,1.7001603798024618,1.4150641256655945
2021-10-24 22:00:00,5.218299854125853,4.43745679198906
2021-10-24 23:00:00,2.760217660878741,1.1256886984600565
2021-10-25 00:00:00,1.5512261284910809,0.4771087547860695
2021-10-25 01:00:00,2.5305517157698887,1.164417325184779
2021-10-25 02:00:00,1.211788301333911,0.059221697675639
2021-10-25 03:00:00,1.8367107622345389,1.1580609546245917
2021-10-25 04:00:00,1.656987960309806,1.986874047678292
2021-10-25 05:00:00,2.428950560091593,3.08100303199462
2021-10-25 06:00:00,6.53271092193291,6.429730231206428
2021-10-25 07:00:00,12.89572438392328,9.837462720268835
2021-10-25 08:00:00,16.46045663720297,18.84323369328319
2021-10-25 09:00:00,11.173444729441195,17.004204619344502
2021-10-25 10:00:00,10.714993343822515,14.423704507303544
2021-10-25 11:00:00,7.367342063154332,12.257433003380406
2021-10-25 12:00:00,9.803958104518273,13.152131024789831
2021-10-25 13:00:00,12.593541136153236,12.027261325182362
2021-10-25 14:00:00,10.074963896989397,8.759295855815779
2021-10-25 15:00:00,9.08447191121244,7.480213491551568
2021-10-25 16:00:00,12.645501700347069,9.465025718725194
2021-10-25 17:00:00,12.954263663864444,7.510799042640301
2021-10-25 18:00:00,14.956262571899629,7.341872933795166
2021-10-25 19:00:00,14.752239392666262,6.618303896855689
2021-10-25 20:00:00,13.996374888635938,6.253697995399946
2021-10-25 21:00:00,12.031684624912153,4.748620806077923
2021-10-25 22:00:00,11.192277672443282,3.802763585458617
2021-10-25 23:00:00,9.84151504557138,2.5690339384755063
2021-10-26 00:00:00,7.786533295788505,1.7562771978983989
2021-10-26 01:00:00,7.645910239200589,1.775184287168447
2021-10-26 02:00:00,13.095443443361098,1.960061994702059
2021-10-26 03:00:00,17.574839072929045,5.185832930100553
2021-10-26 04:00:00,17.461400251859658,5.1444738114312045
2021-10-26 05:00:00,16.40598228318801,3.241448565180619
2021-10-26 06:00:00,17.84733468371484,4.284347582226907
2021-10-26 07:00:00,20.36341382745277,7.983183162333249
2021-10-26 08:00:00,19.58410303470987,9.583678132874995
2021-10-26 09:00:00,23.39164255509924,19.964750166852365
2021-10-26 10:00:00,20.264928972143736,18.499771474010718
2021-10-26 11:00:00,14.859725167850948,18.73021981626347
2021-10-26 12:00:00,11.438828286668311,12.862415435327875
2021-10-26 13:00:00,13.35192929203392,13.54053972669396
2021-10-26 14:00:00,7.668640513582616,10.230501615619383
2021-10-26 15:00:00,12.266062034708488,11.365900467960303
2021-10-26 16:00:00,14.583759267534774,11.007107075528712
2021-10-26 17:00:00,15.60926016127323,9.67840538130434
2021-10-26 18:00:00,15.543255802999106,9.204843251175818
2021-10-26 19:00:00,12.649658834373692,5.989429461603649
2021-10-26 20:00:00,11.75487352296782,4.533614808525723
2021-10-26 21:00:00,12.595914151892847,4.962311942166107
2021-10-26 22:00:00,12.640234061409814,3.479092743687609
2021-10-26 23:00:00,9.216160686776512,0.9468143273402312
2021-10-27 00:00:00,9.098520698421217,0.5420688767246631
2021-10-27 01:00:00,6.45565577628803,0.0
2021-10-27 02:00:00,6.336609085083332,0.0
2021-10-27 03:00:00,9.051827067064943,0.0
2021-10-27 04:00:00,10.94780064408642,0.4081519213112585
2021-10-27 05:00:00,10.89528114676979,0.6039698310757089
2021-10-27 06:00:00,14.226509799993764,2.105816801433054
2021-10-27 07:00:00,18.7324868803614,7.314183413227795
2021-10-27 08:00:00,27.966624511698427,31.57301186752904
2021-10-27 09:00:00,25.505790451606963,37.21471121864717
2021-10-27 10:00:00,14.726479494387185,20.49834590814326
2021-10-27 11:00:00,14.625643874808963,18.287714458256065
2021-10-27 12:00:00,16.125583415070157,19.33166940314185
2021-10-27 13:00:00,6.31474750092962,4.0698728744799375
2021-10-27 14:00:00,7.796900742941091,4.639416745559661
2021-10-27 15:00:00,9.029836370695556,4.962887499535533
2021-10-27 16:00:00,10.171249098087548,6.071640660993097
2021-10-27 17:00:00,12.073788481027258,6.384214226010734
2021-10-27 18:00:00,14.933055467453634,6.3903077587684365
2021-10-27 19:00:00,15.453571641396834,4.353088768858694
2021-10-27 20:00:00,12.658024829943145,2.6562124587208125
2021-10-27 21:00:00,13.059793082935435,2.597962081512641
2021-10-27 22:00:00,16.890020774436195,4.393952572917364
2021-10-27 23:00:00,18.869544903642897,7.270326028408231
2021-10-28 00:00:00,17.95735280943202,6.293768718248899
2021-10-28 01:00:00,15.027166030625075,2.2105534163542373
2021-10-28 02:00:00,14.67888415656926,2.135338509890257
2021-10-28 03:00:00,13.9672201821029,0.973834977826712
2021-10-28 04:00:00,14.79897965278931,2.6369000078130007
2021-10-28 05:00:00,14.443217989381315,2.601191450870477
2021-10-28 06:00:00,16.272511310110147,6.875012125102554
2021-10-28 07:00:00,16.59418246694483,7.7507953860349055
2021-10-28 08:00:00,34.192267668819696,57.9710619201055
2021-10-28 09:00:00,31.020474130495213,55.4025959499892
2021-10-28 10:00:00,25.29010730680966,41.18035019025295
2021-10-28 11:00:00,22.88980870064273,34.80566790766763
2021-10-28 12:00:00,17.805603156473317,25.93978845185848
2021-10-28 13:00:00,10.886151081501623,14.98504063711373
2021-10-28 14:00:00,11.719134067068891,10.420698430291512
2021-10-28 15:00:00,7.944372792940047,5.177575277285314
2021-10-28 16:00:00,11.267387009203,8.651715660670746
2021-10-28 17:00:00,8.30605692180717,3.0750956308338253
2021-10-28 18:00:00,15.355975561398296,4.863590003031849
2021-10-28 19:00:00,17.256755222055943,4.672913556087956
2021-10-28 20:00:00,16.339700550290843,3.721350258347528
2021-10-28 21:00:00,18.045784596719045,4.9684870261815774
2021-10-28 22:00:00,18.577451781778137,5.260185460148158
2021-10-28 23:00:00,21.307584906952396,12.416294341902926
2021-10-29 00:00:00,21.158353963049628,12.523226370208391
2021-10-29 01:00:00,18.619986497864048,7.752290222182024
2021-10-29 02:00:00,18.062164386501184,8.09329965417228
2021-10-29 03:00:00,20.439658690914214,14.43225966364307
2021-10-29 04:00:00,16.455710459501727,5.432039798950019
2021-10-29 05:00:00,17.192955665062296,7.807389011648137
2021-10-29 06:00:00,17.540079217715725,8.73431862074309
2021-10-29 07:00:00,22.198888880017037,19.69462613076521
2021-10-29 08:00:00,25.45999966575704,34.94378346761975
2021-10-29 09:00:00,20.392867172004543,32.32727553048737
2021-10-29 10:00:00,22.44015592436707,34.79617063864677
2021-10-29 11:00:00,22.012887683815038,32.26530626160877
2021-10-29 12:00:00,17.741291729837176,25.6979373448199
2021-10-29 13:00:00,8.346987021904436,12.570186109730209
2021-10-29 14:00:00,5.819535591277063,8.617398122613295
2021-10-29 15:00:00,4.070256924688252,7.803827220914325
2021-10-29 16:00:00,10.405732708810806,10.336322231284395
2021-10-29 17:00:00,21.579376521500777,11.467410692359415
2021-10-29 18:00:00,18.478976562067963,2.928826326590201
2021-10-29 19:00:00,18.347816073520207,3.729990931987267
2021-10-29 20:00:00,16.05795257024048,5.502419233726183
2021-10-29 21:00:00,14.30679888089456,4.363050032090076
2021-10-29 22:00:00,12.275102102004482,3.250548324260325
2021-10-29 23:00:00,11.700633907340872,2.691975960904916
2021-10-30 00:00:00,9.402921343718091,1.478658475596621
2021-10-30 01:00:00,7.681940877874268,0.7218667817223512
2021-10-30 02:00:00,7.655342733537395,1.1589685557227476
2021-10-30 03:00:00,8.25716706956305,1.7935915599747323
2021-10-30 04:00:00,7.999874042709013,1.6352376757739684
2021-10-30 05:00:00,9.209933146322058,2.823488778293985
2021-10-30 06:00:00,10.260337952466212,4.007951244849529
2021-10-30 07:00:00,10.807161865389386,5.45591446675272
2021-10-30 08:00:00,11.102572213379688,5.230471050869532
2021-10-30 09:00:00,12.267118331703744,8.211287076126109
2021-10-30 10:00:00,9.147749952302473,6.65082478454147
2021-10-30 11:00:00,9.41338364154116,6.09431693258853
2021-10-30 12:00:00,9.085218821566189,4.7708537246378775
2021-10-30 13:00:00,4.728294005491261,4.528705629389659
2021-10-30 14:00:00,0.906469475947155,4.456236095494472
2021-10-30 15:00:00,2.6507101310121755,4.401022697733836
2021-10-30 16:00:00,3.0311526940542244,4.208705711733959
2021-10-30 17:00:00,3.733690174989604,4.108685461473748
2021-10-30 18:00:00,8.271360549897182,3.8154752744216553
2021-10-30 19:00:00,8.394491463707382,3.5141098032194087
2021-10-30 20:00:00,6.821419711117251,2.4739491852533995
2021-10-30 21:00:00,8.64678659399361,2.7845956974962824
2021-10-30 22:00:00,8.57751732295224,2.7254272970690607
2021-10-30 23:00:00,5.657833235093513,1.229494641762841
2021-10-31 00:00:00,5.089195440727483,1.5633889172457138
2021-10-31 01:00:00,4.442764092990139,0.7853236435681232
2021-10-31 02:00:00,4.347816869566472,0.374164494348463
2021-10-31 03:00:00,5.625466677264505,0.9955984286354962
2021-10-31 04:00:00,5.437650703083989,0.578446162854636
2021-10-31 05:00:00,5.388719789077854,0.0
2021-10-31 06:00:00,7.173730298526436,0.6995176274379702
2021-10-31 07:00:00,8.485166832683767,1.8730897567850315
2021-10-31 08:00:00,10.047043474293154,3.467096130290866
2021-10-31 09:00:00,8.696182812330406,5.839648386829868
2021-10-31 10:00:00,6.122522358993404,5.207560050738515
2021-10-31 11:00:00,3.027207800983863,5.928482947163928
2021-10-31 12:00:00,0.0186050231473586,5.269957208227375
2021-10-31 13:00:00,6.413283966366169,4.82637514798909
2021-10-31 14:00:00,5.453951506580779,4.959597858800954
2021-10-31 15:00:00,6.052385972684277,4.647062418006474
2021-10-31 16:00:00,9.201861762042537,5.471737933049869
2021-10-31 17:00:00,13.02237062727125,4.736376080062335
2021-10-31 18:00:00,11.993464471842683,2.414785243942827
2021-10-31 19:00:00,10.170163433336896,0.6895428259219187
2021-10-31 20:00:00,8.544421877081383,0.1729612986807005
2021-10-31 21:00:00,9.19751782627332,0.4771878171076267
2021-10-31 22:00:00,11.062975884233404,1.307038672877912
2021-10-31 23:00:00,17.395291089834984,3.760610897385881
2021-11-01 00:00:00,19.397458883119363,6.099758626080202
