timestamp,no2,no
2021-07-01 01:00:00,1.917576216094684,1.288524601567329
2021-07-01 03:00:00,1.773097446026192,1.2114453222632209
2021-07-01 04:00:00,2.062755580059836,1.3104565720710448
2021-07-01 05:00:00,2.251413968444826,1.441440556175849
2021-07-01 06:00:00,2.3950421839641223,1.4714424256712828
2021-07-01 07:00:00,2.789685029438189,1.7171436513027554
2021-07-01 08:00:00,3.823485589734077,2.19014533308056
2021-07-01 09:00:00,5.280521689187147,2.997304133190404
2021-07-01 10:00:00,2.382721218487955,1.775632171751913
2021-07-01 11:00:00,2.618786553440984,1.986649030136768
2021-07-01 12:00:00,1.4465648914824136,1.7439377984688351
2021-07-01 13:00:00,0.8539385459805544,1.54724276201428
2021-07-01 14:00:00,1.0967449712489667,1.654464802581026
2021-07-01 15:00:00,3.281522370109577,2.538534904288358
2021-07-01 16:00:00,2.43808073895336,1.9980234315279624
2021-07-01 17:00:00,5.7585155326144495,2.8903909905383256
2021-07-01 18:00:00,3.2947064343445405,1.7051961188757572
2021-07-01 19:00:00,3.9777851887807287,1.7998146966376465
2021-07-01 20:00:00,5.489855568781554,2.141001611642221
2021-07-01 22:00:00,2.870941776983724,1.379471639233893
2021-07-01 23:00:00,2.3878651589901096,1.3453986053322424
2021-07-02 00:00:00,1.823140120658806,1.164567310266953
2021-07-02 02:00:00,1.3357914933537105,0.9497045098034056
2021-07-02 04:00:00,1.8717997530965889,1.162621166409716
2021-07-02 06:00:00,2.309014379165749,1.346222765962109
2021-07-02 08:00:00,3.424069018984806,2.058059872406089
2021-07-02 09:00:00,5.077179757759058,3.0810427595733394
2021-07-02 10:00:00,3.1355034083310045,2.66597492482229
2021-07-02 12:00:00,1.8937907265946308,2.03664927097184
2021-07-02 13:00:00,1.7438764864511214,1.589889082268977
2021-07-02 14:00:00,3.477486643900363,2.063800559217448
2021-07-02 15:00:00,2.206446319586327,1.8827434986094085
2021-07-02 16:00:00,1.758779655390466,1.7849850114541224
2021-07-02 17:00:00,3.639606612958581,2.412351284389066
2021-07-02 19:00:00,4.469106990668252,2.0025552805335183
2021-07-02 20:00:00,3.851346170256576,1.576605595324381
2021-07-02 21:00:00,4.040987175599231,1.6388823477001528
2021-07-02 23:00:00,1.9586641450162856,1.0685965480160986
2021-07-03 01:00:00,1.3010703310047802,0.870811176381976
2021-07-03 02:00:00,1.1103399067574315,0.7952637354307949
2021-07-03 03:00:00,1.136806082359776,0.8232085142533047
2021-07-03 05:00:00,1.570062240885484,0.9440076135856816
2021-07-03 07:00:00,3.174717419315701,1.6268489030548676
2021-07-03 08:00:00,3.175693117093676,1.8992221093884984
2021-07-03 11:00:00,1.8146911560277488,2.3638133935995387
2021-07-03 12:00:00,3.6363014064364334,2.745839252275946
2021-07-03 13:00:00,3.5012600167079846,2.6184120151405166
2021-07-03 14:00:00,2.980041707033326,2.4123300012620468
2021-07-03 15:00:00,3.010538788100717,2.2629157319584903
2021-07-03 16:00:00,3.737693157141919,2.399403694789407
2021-07-03 17:00:00,4.004567068004157,2.399071959497943
2021-07-03 18:00:00,3.958397193581376,2.1559627146329268
2021-07-03 19:00:00,4.175274014929407,1.9346485911212392
2021-07-03 20:00:00,4.844561198914203,1.9598816377365849
2021-07-03 21:00:00,2.2061019227593803,1.0661682678478328
2021-07-03 22:00:00,2.139693592737938,1.2092792723972687
2021-07-03 23:00:00,2.2770812723803573,1.2986891121082436
2021-07-04 00:00:00,1.9377556576597212,1.211168517907499
2021-07-04 01:00:00,2.178646662360279,1.349872639619198
2021-07-04 02:00:00,1.3933189166572006,1.0667972090672888
2021-07-04 03:00:00,1.5957966724076371,1.148255206281548
2021-07-04 05:00:00,2.348361828192999,1.3761008109831594
2021-07-04 06:00:00,1.676986755969466,1.2160316882324598
2021-07-04 08:00:00,2.545192408861837,1.848891055813041
2021-07-04 10:00:00,1.869481741971505,2.523178124858313
2021-07-04 11:00:00,1.38686794011808,2.2837009040569405
2021-07-04 12:00:00,0.9974133922648464,1.9196259227087504
2021-07-04 14:00:00,1.286162167252055,1.754045797196884
2021-07-04 15:00:00,1.488639137424954,1.8127648443893396
2021-07-04 16:00:00,2.546904386639337,2.121436953986969
2021-07-04 17:00:00,2.9163924896019324,2.115976910456172
2021-07-04 18:00:00,3.525200329573103,2.122286619415195
2021-07-04 19:00:00,4.32521630586411,2.100328990049053
2021-07-04 20:00:00,3.735844382400181,2.0731558102916323
2021-07-04 21:00:00,4.215314498043686,1.7223680209232286
2021-07-04 23:00:00,3.187409915564732,1.4870357275604364
2021-07-05 00:00:00,3.20600974262355,1.441305497086988
2021-07-05 01:00:00,2.4626207203583377,1.1862831294324203
2021-07-05 02:00:00,2.006857542879878,1.0576702181421185
2021-07-05 04:00:00,1.8313281853892889,1.0642715229085726
2021-07-05 06:00:00,2.0207780626234357,1.1597326562957282
2021-07-05 08:00:00,2.2239384355799032,1.8355302689356203
2021-07-05 10:00:00,2.039929673852292,2.312028409795288
2021-07-05 11:00:00,1.6848967709677858,1.9278332304006465
2021-07-05 12:00:00,1.855766022911265,1.9623760502555976
2021-07-05 13:00:00,1.0031610262341673,1.52183262788374
2021-07-05 14:00:00,1.5519259902480016,1.874999247039411
2021-07-05 15:00:00,1.433284222384124,1.7559557661736414
2021-07-05 16:00:00,2.044077325145896,1.96829841483976
2021-07-05 17:00:00,2.4633514282321656,1.9810803303295583
2021-07-05 18:00:00,3.034494576458957,1.989459012786825
2021-07-05 19:00:00,3.9660704294927385,1.773093000804797
2021-07-05 21:00:00,3.0607888969540014,1.2273078012201035
2021-07-05 23:00:00,2.4421058858671394,1.1277416357212706
2021-07-06 01:00:00,3.474903432574965,1.6121988955209998
2021-07-06 03:00:00,1.5787027345357243,0.8793143549421244
2021-07-06 05:00:00,0.0,1.89934960564658
2021-07-06 07:00:00,4.295745544846685,2.016146884825495
2021-07-06 08:00:00,3.4101370836744,1.81158176716314
2021-07-06 10:00:00,1.227908658563507,1.829707795233374
2021-07-06 11:00:00,1.355424474823959,1.552799811660223
2021-07-06 14:00:00,2.5778307676757173,1.7685185549125335
2021-07-06 15:00:00,2.40957293315061,1.8399616375094383
2021-07-06 16:00:00,1.7588892332687749,1.6821851793295408
2021-07-06 17:00:00,4.453544803143018,2.68533111069227
2021-07-06 18:00:00,2.702735873955209,2.025949515756111
2021-07-06 20:00:00,4.460355652040761,1.884442452734004
2021-07-06 22:00:00,2.655217961188725,1.2302329136820558
2021-07-06 23:00:00,1.5253604394971951,0.840577176068968
2021-07-07 00:00:00,1.566022285858665,0.8861647402828403
2021-07-07 01:00:00,1.274687380833072,0.8466891931519943
2021-07-07 03:00:00,0.9851048812133952,0.7505349189790963
2021-07-07 05:00:00,2.4240616935411268,1.2737111393827532
2021-07-07 06:00:00,2.483160877200376,1.2999661617702982
2021-07-07 07:00:00,3.483012717673656,1.7558528673634632
2021-07-07 08:00:00,4.156800595967702,2.103520872181141
2021-07-07 09:00:00,5.561340070723293,2.816890349575153
2021-07-07 10:00:00,3.146787716933833,2.2801131070430216
2021-07-07 11:00:00,2.553486989612157,2.001933572680009
2021-07-07 12:00:00,3.1581584179407294,2.069596601742881
2021-07-07 13:00:00,2.6916710248948377,1.749398455704935
2021-07-07 15:00:00,2.9045161547681038,1.818840524405315
2021-07-07 16:00:00,2.879842731624315,1.8576781558225637
2021-07-07 17:00:00,2.9236074945792225,1.7343204144253024
2021-07-07 18:00:00,3.219190794287801,1.7034381213955891
2021-07-07 19:00:00,3.561583571033428,1.6136116506894855
2021-07-07 20:00:00,3.119898037363612,1.2666767762597704
2021-07-07 21:00:00,2.3120782588663253,1.035995960007566
2021-07-07 22:00:00,1.6357801335973612,0.8386856464052939
2021-07-07 23:00:00,1.4788921715271215,0.7970957787246244
2021-07-08 00:00:00,1.355176747933001,0.8057107173662765
2021-07-08 01:00:00,1.3056331276704505,0.8429509558806721
2021-07-08 02:00:00,1.346295832059063,0.8512499925471145
2021-07-08 03:00:00,1.6667169554029044,0.9408398102836792
2021-07-08 05:00:00,2.811703877220708,1.3806216750839029
2021-07-08 06:00:00,3.750036748260392,1.7202422106257482
2021-07-08 07:00:00,5.131979060893297,2.3475769402890845
2021-07-08 10:00:00,5.620778824522663,4.075411068737163
2021-07-08 11:00:00,3.796334395008902,3.488393361768954
2021-07-08 12:00:00,0.0,2.1248771623619302
2021-07-08 13:00:00,0.0189054006862789,2.0280195518323776
2021-07-08 14:00:00,1.51508618763188,2.263686291411829
2021-07-08 16:00:00,4.264428685510698,2.503596554878644
2021-07-08 17:00:00,5.52059973137149,2.801100722532704
2021-07-08 18:00:00,4.439502316860569,2.2296317201747424
2021-07-08 19:00:00,6.212709456584037,2.630728056003344
2021-07-08 20:00:00,4.626827307259543,1.8138727042259783
2021-07-08 21:00:00,4.644145398002809,1.7891768272799482
2021-07-08 22:00:00,3.894861839302145,1.57955798063858
2021-07-08 23:00:00,3.288936439915073,1.4223218669534303
2021-07-09 00:00:00,4.019041901186512,1.644349064260107
2021-07-09 01:00:00,4.424384663903179,1.7977185665270334
2021-07-09 02:00:00,2.7007322593114083,1.2885415051246647
2021-07-09 03:00:00,2.600985077360228,1.280930769536082
2021-07-09 04:00:00,2.2414946955071287,1.2097213451788569
2021-07-09 06:00:00,5.515113901768281,2.645238042776897
2021-07-09 07:00:00,5.478046572372222,3.4807937183344326
2021-07-09 08:00:00,4.903727353187524,3.7874917830533623
2021-07-09 09:00:00,4.103971847720835,3.437227178029217
2021-07-09 10:00:00,1.1725983736384578,2.268625262491784
2021-07-09 11:00:00,2.201472842441401,2.705693277380776
2021-07-09 13:00:00,0.6047732952185285,2.1146871035710944
2021-07-09 14:00:00,1.6001897228560686,2.0809443831316923
2021-07-09 15:00:00,1.3186964165445048,1.6450412956741018
2021-07-09 16:00:00,3.5505884906151586,2.204151032100342
2021-07-09 17:00:00,4.206466158858564,2.26084580977386
2021-07-09 18:00:00,4.276826707010365,2.053052909947071
2021-07-09 19:00:00,4.436291064034322,1.7275637129084795
2021-07-09 20:00:00,4.307441437339509,1.5675112830299278
2021-07-09 21:00:00,4.56147988796069,1.6225224110685077
2021-07-09 22:00:00,2.779846356580549,1.0673595913429477
2021-07-09 23:00:00,2.481990795982327,1.063642697689197
2021-07-10 00:00:00,2.1988679655902104,1.017248572993953
2021-07-10 01:00:00,2.069343172642018,1.0061186673322329
2021-07-10 02:00:00,1.860528057889788,0.9577522455232048
2021-07-10 03:00:00,1.41853805130188,0.7975346254499456
2021-07-10 05:00:00,2.22137443247788,1.0904617781559351
2021-07-10 06:00:00,3.07244165505368,1.431728094856692
2021-07-10 07:00:00,3.927526118024716,1.934930677208078
2021-07-10 08:00:00,3.7992082819531774,2.5227690254279
2021-07-10 09:00:00,4.967084671730561,3.276736082450237
2021-07-10 16:00:00,2.7055893559002904,1.759882806781985
2021-07-10 17:00:00,3.6074826189500016,1.9578280568197504
2021-07-10 18:00:00,4.655389155183727,2.2082622741483755
2021-07-10 20:00:00,3.150414131738735,1.2951457909595314
2021-07-10 21:00:00,2.520047586107175,1.1242290102326498
2021-07-10 22:00:00,2.4264889016448734,1.088719617745671
2021-07-10 23:00:00,2.1781838574497243,1.0612449672157045
2021-07-11 01:00:00,2.119939967562086,1.0984531939743
2021-07-11 02:00:00,3.017593418748433,1.4030560795081404
2021-07-11 04:00:00,0.7349656895234773,0.6881191946370385
2021-07-11 05:00:00,1.1419246766276103,0.8046579117442598
2021-07-11 07:00:00,2.1441882867583644,1.1376418381114837
2021-07-11 08:00:00,2.4526279431230726,1.3353633459116885
2021-07-11 09:00:00,3.145250064434144,1.849890962452157
2021-07-11 10:00:00,2.6792329131783816,1.7471640101175672
2021-07-11 11:00:00,1.8880998001949827,1.6624456470096145
2021-07-11 13:00:00,2.4900615336204237,1.4509531017039456
2021-07-11 14:00:00,2.243311467707816,1.3777441403164568
2021-07-11 16:00:00,1.8632943359480016,1.3168242492719808
2021-07-11 17:00:00,1.93750179809436,1.2708571356020808
2021-07-11 18:00:00,2.694938598148788,1.3459203932117243
2021-07-11 19:00:00,2.6943029609433715,1.1386194753667769
2021-07-11 20:00:00,3.249967162865925,1.2698373271304946
2021-07-11 21:00:00,2.1353256600078723,0.9424914330161288
2021-07-11 23:00:00,1.3990921865532826,0.7065882737490137
2021-07-12 00:00:00,1.4817586292629803,0.6953600111063085
2021-07-12 02:00:00,1.2078447981230838,0.6397359878042037
2021-07-12 03:00:00,1.220641223468153,0.6525903471036032
2021-07-12 04:00:00,1.377881224914674,0.647146310081702
2021-07-12 05:00:00,2.832718981611457,1.2002425657985485
2021-07-12 06:00:00,3.6681566202746554,1.5333386178111572
2021-07-12 07:00:00,3.702984540322298,1.5813933225050878
2021-07-12 08:00:00,3.2316745304242644,1.468834018969266
2021-07-12 09:00:00,5.279686646243665,2.512883666225969
2021-07-12 10:00:00,3.626457348928508,1.8164750756207344
2021-07-12 11:00:00,3.2761452317005717,1.796813891254832
2021-07-12 12:00:00,2.217364615349112,1.5820773754191444
2021-07-12 13:00:00,3.2860057307782498,1.7534331582848257
2021-07-12 14:00:00,2.5861866050836326,1.4675434460723125
2021-07-12 17:00:00,3.6171059445045017,1.7516072988050992
2021-07-12 18:00:00,3.3590181432215545,1.5212819163497475
2021-07-12 20:00:00,3.447183317408655,1.3175330362655482
2021-07-12 22:00:00,1.758831973631743,0.7594737143626124
2021-07-12 23:00:00,1.6200071944528922,0.7227722674297252
2021-07-13 00:00:00,1.2843475646064917,0.6084942952895223
2021-07-13 01:00:00,1.6143088190632753,0.7425008322644817
2021-07-13 02:00:00,1.173967806885294,0.644123507726103
2021-07-13 03:00:00,1.0302866835021476,0.5956854229681645
2021-07-13 05:00:00,1.797950170004757,0.8831857916108109
2021-07-13 06:00:00,2.6300123995290505,1.2369175841021511
2021-07-13 07:00:00,3.22451732870848,1.484627199870867
2021-07-13 09:00:00,4.02603209998324,2.0740165222356453
2021-07-13 10:00:00,3.2935307765205337,1.7144403350128423
2021-07-13 11:00:00,1.6868852734026447,1.2546299521589126
2021-07-13 12:00:00,0.6484084099987193,1.1320794095859124
2021-07-13 13:00:00,2.188522076016394,1.6414486172695224
2021-07-13 14:00:00,3.154208825895686,1.9784148817295784
2021-07-13 15:00:00,2.6970384721851985,1.8066686827470009
2021-07-13 16:00:00,2.413169695066255,1.735154560420052
2021-07-13 18:00:00,2.7177460249953604,1.3952567502491002
2021-07-13 19:00:00,2.91476971619176,1.1553912139749158
2021-07-13 21:00:00,2.8015856048698744,1.0910522976606911
2021-07-13 22:00:00,2.697534418862304,1.1177392922755074
2021-07-13 23:00:00,1.7832670119387863,0.8523126577921278
2021-07-14 00:00:00,1.831805088880216,0.9308298278095704
2021-07-14 02:00:00,1.726977158324626,0.9122814007478774
2021-07-14 04:00:00,1.3445018588211397,0.820899691525564
2021-07-14 06:00:00,2.274481644092312,1.2178621512300545
2021-07-14 08:00:00,2.669936521217153,1.5658109348189886
2021-07-14 09:00:00,3.002148493632692,1.897686767582892
2021-07-14 10:00:00,2.6050155033396933,2.05031090208764
2021-07-14 11:00:00,0.0,1.6078381414686205
2021-07-14 12:00:00,0.305991077099307,1.444405451497884
2021-07-14 14:00:00,0.3369390779162415,1.435320377120234
2021-07-14 15:00:00,0.0,1.2024665220711546
2021-07-14 16:00:00,0.0,1.2023866338143672
2021-07-14 17:00:00,1.7867935468820375,1.6197700034270563
2021-07-14 18:00:00,2.935390493393026,1.7568314950183035
2021-07-14 20:00:00,3.84423160799998,1.2752812501547963
2021-07-14 21:00:00,3.624830983265902,1.2512244263158074
2021-07-14 23:00:00,1.687084431284692,0.7463425827707231
2021-07-15 00:00:00,2.736102809443046,1.0228542425941765
2021-07-15 02:00:00,2.016315189067683,0.7193677550593403
2021-07-15 03:00:00,2.084741614621791,0.8068731863020596
2021-07-15 04:00:00,2.2280474819986864,0.8681871073439545
2021-07-15 05:00:00,4.115825898707538,1.5458487203402471
2021-07-15 06:00:00,3.905470285715946,1.5501612028438183
2021-07-15 08:00:00,4.015895015076687,1.7851104537361837
2021-07-15 09:00:00,4.855815527982433,2.262883314563381
2021-07-15 10:00:00,2.542915718801698,1.4408760586872815
2021-07-15 11:00:00,2.8751947272527048,1.809333120850085
2021-07-15 12:00:00,3.8855901635873344,2.404807310545756
2021-07-15 14:00:00,2.4813963232086955,1.5323623293712731
2021-07-15 15:00:00,3.425018207320093,1.7643500584960126
2021-07-15 16:00:00,3.5515509986457587,1.970761084358396
2021-07-15 18:00:00,3.662277027527708,1.8436894019144925
2021-07-15 19:00:00,4.599805769748983,1.7716720844085572
2021-07-15 20:00:00,4.401070879083228,1.5796169891398777
2021-07-15 21:00:00,3.4666367566112086,1.335421797152923
2021-07-15 22:00:00,2.464101360235244,1.0385156104443427
2021-07-15 23:00:00,1.8984826263251549,0.8785837070738708
2021-07-16 00:00:00,2.0526064128684176,0.9829654316419352
2021-07-16 02:00:00,1.1981619762743954,0.7240618900015005
2021-07-16 03:00:00,1.1654778170061704,0.7183740622697068
2021-07-16 04:00:00,2.9517610519862174,1.4749775364231703
2021-07-16 05:00:00,1.885336663424674,0.951822407594124
2021-07-16 07:00:00,3.418811656472148,1.5665315303417544
2021-07-16 08:00:00,4.277328814842711,2.0253082743858437
2021-07-16 11:00:00,3.440538131064791,2.977255166363177
2021-07-16 12:00:00,1.962232349021768,2.1979515630469115
2021-07-16 13:00:00,3.321221037073233,2.445686765774308
2021-07-16 14:00:00,2.660594006890566,2.032818096772967
2021-07-16 15:00:00,2.100897162447172,1.6349187146967004
2021-07-16 16:00:00,5.022588364871098,2.510509405579841
2021-07-16 17:00:00,4.4100390909441,1.97327695418798
2021-07-16 19:00:00,4.314935891707076,1.5822671415483414
2021-07-16 20:00:00,4.006682647236101,1.4465013059445786
2021-07-16 22:00:00,3.370713346456533,1.191173646611311
2021-07-17 00:00:00,2.1388640322770485,0.8966930229262622
2021-07-17 01:00:00,1.995052249651227,0.8673806519577132
2021-07-17 02:00:00,1.5834218630165893,0.7487066158195496
2021-07-17 03:00:00,2.134989746272524,0.9414808374320766
2021-07-17 04:00:00,2.1615022340729126,0.9753742822271187
2021-07-17 05:00:00,2.450870841434458,1.085613651996502
2021-07-17 06:00:00,3.517167387179644,1.4948432804229277
2021-07-17 08:00:00,3.3398418953963542,2.368707725544692
2021-07-17 09:00:00,4.684842316511876,3.608555135676224
2021-07-17 10:00:00,2.7241538768468345,2.8057608844092163
2021-07-17 11:00:00,1.4729787002041128,2.3939694422147024
2021-07-17 14:00:00,1.1346722970396534,1.4602914030155558
2021-07-17 15:00:00,2.041125180485274,1.8265599468541125
2021-07-17 16:00:00,2.2773062531604324,1.8779627804785533
2021-07-17 17:00:00,6.803816750974637,3.194464175253928
2021-07-17 18:00:00,7.2928557387932145,2.8954740327016197
2021-07-17 20:00:00,4.736336395026232,1.6551582993335108
2021-07-17 21:00:00,4.091500036798379,1.474744943690785
2021-07-17 22:00:00,3.28610859199189,1.314119370910463
2021-07-17 23:00:00,2.9383563298877746,1.2124083610114311
2021-07-18 00:00:00,2.553908770303849,1.1367083523362975
2021-07-18 01:00:00,2.7065066298356517,1.2143359677381538
2021-07-18 03:00:00,2.110642153153968,0.9985375658104608
2021-07-18 05:00:00,2.847967395237646,1.2428176950569154
2021-07-18 07:00:00,4.611924375761724,2.636127047602997
2021-07-18 08:00:00,3.283605969274717,2.6880226382524546
2021-07-18 10:00:00,3.337263003438089,2.7090504626962426
2021-07-18 11:00:00,1.821152525682592,2.083387484104784
2021-07-18 12:00:00,2.038732045719684,1.9205094405109453
2021-07-18 13:00:00,0.7031330912179747,1.427520975436991
2021-07-18 14:00:00,2.153365999415477,1.806946562490898
2021-07-18 15:00:00,1.596799542864613,1.6959767732782955
2021-07-18 16:00:00,2.3777171443142464,1.7758924834575345
2021-07-18 17:00:00,5.067197545260115,2.4884150537199763
2021-07-18 18:00:00,6.143731213190264,2.558535452242454
2021-07-18 19:00:00,4.777799309631536,1.868931702295845
2021-07-18 20:00:00,4.307159512474765,1.6427490947428809
2021-07-18 21:00:00,3.847593032170192,1.5311950254839477
2021-07-18 23:00:00,2.8825709398356025,1.3408480226998836
2021-07-19 01:00:00,2.9235518461762737,1.3921096927448104
2021-07-19 02:00:00,1.5207512630759226,0.9444562331958872
2021-07-19 03:00:00,2.0234275085606583,1.102460294848558
2021-07-19 04:00:00,4.431704495975552,1.8917939198802247
2021-07-19 05:00:00,4.241690438619052,1.8573134315536517
2021-07-19 06:00:00,4.856631700494326,2.1523714365426687
2021-07-19 07:00:00,9.93139155417868,4.82300415590793
2021-07-19 08:00:00,5.853885611840735,3.728873365573568
2021-07-19 09:00:00,4.842629550759291,3.6565249477635766
2021-07-19 10:00:00,2.2515693704055906,2.555005506795039
2021-07-19 11:00:00,2.988574878038012,2.6777313832631418
2021-07-19 12:00:00,2.0595459738397466,2.022916210164112
2021-07-19 13:00:00,2.898959202786642,2.069080986383059
2021-07-19 14:00:00,3.501057019680516,2.2782882222242686
2021-07-19 15:00:00,4.3299123511437685,2.2596117704772305
2021-07-19 16:00:00,4.505731354225702,2.1438100959198727
2021-07-19 18:00:00,4.289117110607151,1.919905235807709
2021-07-19 20:00:00,3.476253132464404,1.3411218080096772
2021-07-19 21:00:00,2.3828633668791603,0.9991345499932462
2021-07-19 22:00:00,2.209838205057075,1.1087405754158914
2021-07-19 23:00:00,2.061281187767932,1.0570647749165174
2021-07-20 00:00:00,1.717731346867101,0.945246735967662
2021-07-20 01:00:00,1.9333275884711296,1.0181847211913957
2021-07-20 03:00:00,1.6630475682693344,0.8994075910558877
2021-07-20 05:00:00,3.024171460831408,1.3626361120083264
2021-07-20 07:00:00,4.304812328737427,1.9497810774129607
2021-07-20 08:00:00,5.0770419406627525,2.3564789438995244
2021-07-20 09:00:00,5.5903432768168,2.7856442167126687
2021-07-20 10:00:00,3.913733697558264,2.2523235528630674
2021-07-20 11:00:00,4.2090664182267545,2.473594031032833
2021-07-20 13:00:00,3.259740705735897,1.8000583937956969
2021-07-20 14:00:00,2.3181522784012927,1.530853677068322
2021-07-20 15:00:00,3.309269940447006,1.9695702262388768
2021-07-20 16:00:00,4.450033578160056,2.384922976609274
2021-07-20 17:00:00,3.4754559314701616,1.8838302252563297
2021-07-20 18:00:00,4.447072955340804,2.1228197228010446
2021-07-20 20:00:00,4.04362541279454,1.7085593853532923
2021-07-20 21:00:00,2.706699694355983,1.2931788596182527
2021-07-20 22:00:00,2.1215407670546576,1.0932950193616129
2021-07-20 23:00:00,1.434164492885575,0.8372414403762564
2021-07-21 01:00:00,2.6973881789236103,1.2730450932918806
2021-07-21 02:00:00,1.6494679302712143,0.9492015020239232
2021-07-21 04:00:00,1.666899428448957,0.99383770484271
2021-07-21 05:00:00,1.918938075609212,1.0679525274518935
2021-07-21 07:00:00,4.133959351029279,2.160271886500216
2021-07-21 09:00:00,4.600192566286278,2.9819050538464493
2021-07-21 10:00:00,4.4135923567007325,2.881467723550056
2021-07-21 11:00:00,1.7074915331947906,1.6064672843361916
2021-07-21 12:00:00,3.2763711446452675,2.07311861365386
2021-07-21 13:00:00,4.020202694110964,2.2906062647561827
2021-07-21 14:00:00,2.7202643309257795,1.7175283236384171
2021-07-21 15:00:00,2.274070263461759,1.5696608898453408
2021-07-21 16:00:00,3.989432942152192,2.1555690792414217
2021-07-21 17:00:00,3.335929778201134,1.8172738389225336
2021-07-21 19:00:00,4.42419881425149,1.780533657764193
2021-07-21 21:00:00,3.0970100122761046,1.162364089129338
2021-07-21 22:00:00,2.7890030380566486,1.09300589501238
2021-07-22 00:00:00,1.9281749593666149,0.8635128120900907
2021-07-22 01:00:00,1.7819678491331103,0.8063327164538534
2021-07-22 03:00:00,6.385526194944472,2.747693119374817
2021-07-22 04:00:00,3.636533451846958,1.5090815308914336
2021-07-22 06:00:00,5.980076920257481,2.4767959375385145
2021-07-22 08:00:00,6.748480787294685,3.220263465459269
2021-07-22 09:00:00,6.459929320942436,3.625997401328136
2021-07-22 10:00:00,2.756075407217104,2.052907800612614
2021-07-22 11:00:00,3.626733448284355,2.129390305425717
2021-07-22 12:00:00,4.389356984664751,2.2558946254608228
2021-07-22 13:00:00,5.683890969980983,2.7421566302817117
2021-07-22 14:00:00,3.460025375581409,1.8316891168673224
2021-07-22 16:00:00,3.076613806489945,1.62946551140183
2021-07-22 17:00:00,2.7927607120589286,1.5511983167197223
2021-07-22 18:00:00,4.171993535079533,2.0275195428120605
2021-07-22 20:00:00,3.213783542546633,1.2288148810643529
2021-07-22 22:00:00,2.563206214921987,1.0151659707507767
2021-07-22 23:00:00,2.8153452926665565,1.118490379009132
2021-07-23 00:00:00,5.615619795993855,2.206759728223124
2021-07-23 01:00:00,2.923821953422209,1.208735540157409
2021-07-23 03:00:00,3.6470442640885103,1.4398127547686648
2021-07-23 05:00:00,4.264449553550243,1.7227926001788538
2021-07-23 06:00:00,7.877998354527271,3.3286375928542475
2021-07-23 07:00:00,6.829407586640691,3.539208070636868
2021-07-23 08:00:00,4.537807932069526,3.164786078827745
2021-07-23 10:00:00,5.7798190386195145,3.7800866409994174
2021-07-23 11:00:00,4.705133288819667,3.3013141238119585
2021-07-23 12:00:00,2.83389340995344,2.46294718162739
2021-07-23 13:00:00,0.4903839321155843,1.3436491246642994
2021-07-23 14:00:00,0.8895392293049262,1.476967549952778
2021-07-23 15:00:00,0.9706001909022142,1.495278311776242
2021-07-23 16:00:00,1.2587835828029943,1.6236479951512957
2021-07-23 17:00:00,3.963354401141672,2.348847935418401
2021-07-23 18:00:00,6.024896985092013,2.8437499010542493
2021-07-23 19:00:00,5.259296218079243,2.1624247729431985
2021-07-23 20:00:00,6.68142903496868,2.191235507321791
2021-07-23 21:00:00,5.141521817189911,1.7198537237902094
2021-07-23 23:00:00,3.3810846493584243,1.2386852769160228
2021-07-24 00:00:00,2.9689331656325493,1.2208124279691577
2021-07-24 01:00:00,2.998299232378635,1.2336431281380524
2021-07-24 03:00:00,1.968674232784433,0.9265730001026896
2021-07-24 04:00:00,1.7491724286875403,0.8406975079087636
2021-07-24 06:00:00,1.6037770716631954,0.9317988792588074
2021-07-24 07:00:00,2.986166172291508,1.5384322095111156
2021-07-24 08:00:00,2.9394066896836435,1.81890136587924
2021-07-24 15:00:00,2.558853312089532,1.9154065255047927
2021-07-24 16:00:00,2.516759657779588,1.8763434047161371
2021-07-24 17:00:00,2.2711238398951465,1.724227226485586
2021-07-24 18:00:00,2.382755145962687,1.601563045341712
2021-07-24 19:00:00,3.5980503739626783,1.667176425347391
2021-07-24 20:00:00,3.794731607982033,1.5531121728755832
2021-07-24 21:00:00,3.98423540569706,1.6302727484648667
2021-07-24 22:00:00,2.624322943535855,1.195818037622577
2021-07-25 00:00:00,2.5301730703594423,1.2506738696242985
2021-07-25 02:00:00,1.497261512975335,0.9392598082302508
2021-07-25 03:00:00,1.3547400165307977,0.8677535956463654
2021-07-25 04:00:00,1.3903868756244575,0.8940974723862201
2021-07-25 05:00:00,1.8916421017799507,1.0809209875118506
2021-07-25 07:00:00,3.7561766951922015,1.8427643162863323
2021-07-25 08:00:00,3.736961586062481,2.056336238704908
2021-07-25 09:00:00,4.286767541325098,2.7334663363670457
2021-07-25 10:00:00,1.265368620606683,1.729637788573435
2021-07-25 11:00:00,0.7679095037402845,1.8685089236385175
2021-07-25 12:00:00,0.8401103141746908,1.92196493152675
2021-07-25 16:00:00,1.6519858343139084,1.592796513731659
2021-07-25 17:00:00,2.4080443224759414,1.627524233861986
2021-07-25 18:00:00,3.0043358863303524,1.617073741365621
2021-07-25 19:00:00,3.59430316849112,1.6393043320913336
2021-07-25 20:00:00,3.75219483265424,1.4941412384191262
2021-07-25 21:00:00,4.125333859335598,1.6463813849272388
2021-07-25 23:00:00,2.4694308066200463,1.0754376060714284
2021-07-26 00:00:00,2.0918531748225213,0.9975997878612944
2021-07-26 01:00:00,2.407487670546928,1.069933303936616
2021-07-26 03:00:00,2.5094968114521627,1.08498888361337
2021-07-26 04:00:00,2.3254377136478546,1.022646439966605
2021-07-26 05:00:00,2.854037288459093,1.1954532449866049
2021-07-26 06:00:00,4.036691233171155,1.753542282159243
2021-07-26 07:00:00,6.566213728456901,3.115789103758753
2021-07-26 10:00:00,3.060604079723511,2.156679198117724
2021-07-26 11:00:00,4.084839987284109,2.334498196068614
2021-07-26 12:00:00,2.445919714650561,1.918667024033597
2021-07-26 13:00:00,1.980114144211381,1.9401840810767224
2021-07-26 14:00:00,2.3455590787228644,2.0157130081329035
2021-07-26 15:00:00,2.929528936716654,2.059086366209349
2021-07-26 16:00:00,1.8912907825930567,1.7360471075231754
2021-07-26 17:00:00,2.983553654753507,2.061151164218976
2021-07-26 19:00:00,4.715227133395466,2.0383899780522734
2021-07-26 21:00:00,5.594456797651446,1.9888145249451288
2021-07-26 23:00:00,3.804297731875472,1.5306282183621929
2021-07-27 00:00:00,5.253593273679204,2.003225217138214
2021-07-27 01:00:00,2.7742882376805227,1.2692154726504783
2021-07-27 02:00:00,2.3510110621194045,1.1655703796255994
2021-07-27 03:00:00,1.62671665755164,0.991785845738704
2021-07-27 04:00:00,1.9726582246109,1.1486427207912109
2021-07-27 05:00:00,3.315248022846305,1.686285514778146
2021-07-27 06:00:00,6.667554147690783,2.9560133890821687
2021-07-27 07:00:00,7.721793480831423,3.448646553729557
2021-07-27 11:00:00,2.554929870761896,3.797634053754964
2021-07-27 13:00:00,0.0,0.1870647991374791
2021-07-27 14:00:00,0.0,1.382563493388489
2021-07-27 15:00:00,0.0,1.2338018825855557
2021-07-27 16:00:00,0.0,1.6089741146686516
2021-07-27 17:00:00,2.5742913136961825,2.3907098321817744
2021-07-27 18:00:00,3.480945762090169,2.1414808748608487
2021-07-27 19:00:00,5.235825935581165,2.3347825745925963
2021-07-27 20:00:00,5.190271482293056,2.0521291950691385
2021-07-27 21:00:00,4.866182934236608,1.914313847875926
2021-07-27 22:00:00,3.415345159841067,1.484694873577051
2021-07-28 00:00:00,2.68841180753061,1.3689201658853714
2021-07-28 01:00:00,2.9408170681148498,1.4134845947615506
2021-07-28 02:00:00,2.903299121456122,1.4009603154800536
2021-07-28 03:00:00,4.749905740838102,1.9952515560320063
2021-07-28 04:00:00,3.0409695043642984,1.5114382643948043
2021-07-28 06:00:00,6.838881484100632,3.0628245986417717
2021-07-28 07:00:00,5.184306787282722,2.776690297883683
2021-07-28 08:00:00,4.92977571933805,3.3028135256429003
2021-07-28 10:00:00,3.205194802004165,2.6762916480694967
2021-07-28 11:00:00,4.177294591049801,3.351471315287319
2021-07-28 12:00:00,2.0932010962002217,2.3253769805447244
2021-07-28 13:00:00,0.7134001777260437,1.6639221693100563
2021-07-28 15:00:00,1.5280474240527724,2.0142406290991715
2021-07-28 16:00:00,2.1937828522707328,2.156068472989029
2021-07-28 17:00:00,3.565410018852482,2.294801491195507
2021-07-28 18:00:00,4.6126003183828495,2.2682933603157065
2021-07-28 19:00:00,4.416732168674546,1.8619728576433212
2021-07-28 20:00:00,4.1978549444064015,1.7479686610702283
2021-07-28 21:00:00,3.094797074617638,1.418468230989157
2021-07-28 23:00:00,2.153333606761312,1.2227985626185944
2021-07-29 00:00:00,1.8879252133245716,1.2070675182949886
2021-07-29 01:00:00,2.8326123335677806,1.4915206921629172
2021-07-29 02:00:00,1.9508221585744003,1.183460360166566
2021-07-29 03:00:00,1.953324728779922,1.2355734304308583
2021-07-29 04:00:00,2.0731991312178337,1.2954455380910463
2021-07-29 05:00:00,5.295653341300536,2.4127371574898366
2021-07-29 06:00:00,6.426601468740664,2.99011606323205
2021-07-29 07:00:00,6.2988731158483375,3.226305052048518
2021-07-29 08:00:00,4.34918885853827,2.661643762655592
2021-07-29 09:00:00,7.657439287022822,4.777944866597957
2021-07-29 10:00:00,2.907571862442193,2.7476638845329227
2021-07-29 11:00:00,1.8995699793892944,2.1317880373958014
2021-07-29 14:00:00,0.6199119934555135,1.7099847260224477
2021-07-29 15:00:00,0.9281542011204352,1.9496835321564792
2021-07-29 16:00:00,3.940752886512481,2.8799103805494024
2021-07-29 17:00:00,3.474695680120412,2.4886268908570783
2021-07-29 18:00:00,3.562320486811924,2.1964840082151924
2021-07-29 20:00:00,2.909325388117722,1.5625814859199536
2021-07-29 21:00:00,2.3604764371308318,1.4360708590070177
2021-07-29 23:00:00,1.4529486232870994,1.2213872226613876
2021-07-30 01:00:00,0.4735804497087699,0.9131485842555976
2021-07-30 03:00:00,1.5388871302552545,1.065271966563227
2021-07-30 05:00:00,2.675490114947479,1.4737820962106918
2021-07-30 07:00:00,4.240516562271424,2.109792123503867
2021-07-30 14:00:00,1.7391039118598854,1.8255297746523187
2021-07-30 15:00:00,1.4658993002190606,1.8081605629238624
2021-07-30 16:00:00,1.887394114536317,2.01152398712335
2021-07-30 17:00:00,2.4347281938470644,2.018300702592372
2021-07-30 18:00:00,4.282425335356539,2.322661974882897
2021-07-30 20:00:00,5.114330211667323,2.122590909580924
2021-07-30 21:00:00,3.963477781526169,1.6940068812721911
2021-07-30 22:00:00,3.30785959654537,1.5439746978935844
2021-07-30 23:00:00,2.04313151884633,1.1751601579204347
2021-07-31 00:00:00,1.755528042587791,1.1618658656505576
2021-07-31 01:00:00,1.8004286010351969,1.1829559128912193
2021-07-31 02:00:00,1.5385490040003944,1.1488874313863595
2021-07-31 03:00:00,2.291366732482519,1.4716882389444672
2021-07-31 04:00:00,2.0566795320248232,1.2911888994643477
2021-07-31 05:00:00,2.734106516253369,1.5591022537284156
2021-07-31 06:00:00,2.9758344631060503,1.5902962975670385
2021-07-31 10:00:00,1.1388003489005456,2.16340373391264
2021-07-31 11:00:00,1.227386340073771,2.1787319631828117
2021-07-31 13:00:00,1.2242605157313022,1.8710731260227824
2021-07-31 14:00:00,1.4645004576181115,1.9732830121360927
2021-07-31 15:00:00,1.7935151469594892,2.1770599961081296
2021-07-31 16:00:00,2.814481791423546,2.308645719411106
2021-07-31 17:00:00,4.820293281870466,2.329414405395449
2021-07-31 18:00:00,4.7129725001059946,2.0298340147664065
2021-07-31 19:00:00,6.43342409755838,2.432879573343371
2021-07-31 20:00:00,5.259844523958471,1.8175300159862444
2021-07-31 21:00:00,3.365837661648662,1.3607134132276946
2021-07-31 22:00:00,2.877630044136396,1.5444012247150882
2021-08-01 00:00:00,1.4064070255600924,1.1878451640827823
2021-08-01 02:00:00,1.902688691360652,1.1083803154649514
2021-08-01 03:00:00,1.9051666680187795,1.2270035364025986
2021-08-01 04:00:00,1.9824804631833717,1.1839284388234137
2021-08-01 06:00:00,2.373988551897675,1.2787777258680646
2021-08-01 07:00:00,3.0223342318767834,1.7481376640315132
2021-08-01 10:00:00,0.9548174334843154,2.3214887115528864
2021-08-01 11:00:00,0.958632875939628,2.522011051682367
2021-08-01 12:00:00,1.6505805437362824,2.1336773911890203
2021-08-01 14:00:00,1.314892233807008,1.622342378511544
2021-08-01 15:00:00,1.3278224156775875,1.435220631887493
2021-08-01 16:00:00,1.91755103716352,1.63618686965077
2021-08-01 17:00:00,3.09120570026176,1.818144927051188
2021-08-01 18:00:00,4.3478323758180295,1.9984543232730632
2021-08-01 19:00:00,4.043195357956094,1.7117223241509607
2021-08-01 21:00:00,4.866232605689483,1.8341807556987453
2021-08-01 22:00:00,4.675546105047026,1.8365147568204183
2021-08-01 23:00:00,2.9296165430616057,1.1221502739682636
2021-08-02 00:00:00,2.1800768389942533,0.9100881147920844
2021-08-02 02:00:00,2.249602104954903,0.8544141207301363
2021-08-02 03:00:00,2.3375850871361763,1.0716187860537407
2021-08-02 04:00:00,2.6955525036917223,1.2513499906536742
2021-08-02 05:00:00,3.871886812494253,2.117515233409879
2021-08-02 06:00:00,6.373637133819493,3.3547403404525715
2021-08-02 07:00:00,3.4704542777763265,2.1471656694122983
2021-08-02 08:00:00,6.7157278275641765,5.055055503732639
2021-08-02 09:00:00,2.264813685194163,4.365584538449161
2021-08-02 10:00:00,1.0163478080911048,2.757105459945619
2021-08-02 11:00:00,0.7292943372144052,2.2013031197550363
2021-08-02 12:00:00,0.9357649450217308,1.87003625889078
2021-08-02 14:00:00,1.1579926159612342,1.793314995164235
2021-08-02 15:00:00,1.3912314887282804,1.5484238627337472
2021-08-02 16:00:00,2.966628288217997,2.025296028488268
2021-08-02 18:00:00,4.501504256270756,2.3411270822810124
2021-08-02 20:00:00,5.070825615543949,2.043203314751276
2021-08-02 21:00:00,4.157874428147196,1.639780324363194
2021-08-02 23:00:00,2.690804233593745,1.0345449436244911
2021-08-03 01:00:00,1.835244549936604,0.9346914388020012
2021-08-03 03:00:00,1.9035625993605123,0.9584018732939664
2021-08-03 05:00:00,2.9166440342334425,1.5965794437255267
2021-08-03 06:00:00,4.136866941436686,2.1591073696270446
2021-08-03 07:00:00,3.6782864404700817,1.839052455238137
2021-08-03 08:00:00,4.029964266951666,2.2393872535733954
2021-08-03 09:00:00,4.270959376232419,2.8377486029571024
2021-08-03 10:00:00,3.6461282053626007,3.000643063994109
2021-08-03 11:00:00,3.357799523726044,2.7801974040761976
2021-08-03 12:00:00,3.453719283224139,2.408775052944528
2021-08-03 13:00:00,3.0107704093598784,2.114184217502653
2021-08-03 14:00:00,3.068345983038398,2.0356405745168287
2021-08-03 16:00:00,3.086999713449288,1.8300054236832333
2021-08-03 17:00:00,4.168857788290204,2.1126001334605045
2021-08-03 18:00:00,4.685014148945406,2.18189534204979
2021-08-03 20:00:00,4.150976074248042,1.5838656264966873
2021-08-03 21:00:00,3.0563146667160623,1.2712210592820123
2021-08-03 22:00:00,2.235030914186943,0.9430480859317096
2021-08-03 23:00:00,2.202052337445174,1.0712808920529786
2021-08-04 00:00:00,1.7264100085685712,0.9422594405653552
2021-08-04 01:00:00,1.727593446151893,0.9285660580455506
2021-08-04 03:00:00,1.6628015436825052,0.8709266703335294
2021-08-04 05:00:00,3.128663988325144,1.5065121440330231
2021-08-04 07:00:00,2.734456185158514,1.4490878761822137
2021-08-04 08:00:00,4.36647940725485,2.390561833797783
2021-08-04 11:00:00,2.719073485429384,2.3008311229844454
2021-08-04 12:00:00,3.987804468441873,2.327927358738373
2021-08-04 13:00:00,4.173024877929123,2.276037477795373
2021-08-04 14:00:00,3.2930025983653053,1.773282333258395
2021-08-04 15:00:00,2.650045265548343,1.5712636383031713
2021-08-04 16:00:00,2.8678373711843648,1.6432017361650044
2021-08-04 17:00:00,3.882518593829907,1.77699506528641
2021-08-04 18:00:00,7.749773650865331,3.48037824259618
2021-08-04 19:00:00,6.071883819971525,2.141970407261168
2021-08-04 20:00:00,6.891682271392639,2.3987232270480443
2021-08-04 21:00:00,5.154030521294459,1.5351837478816122
2021-08-04 23:00:00,5.060340082269555,1.4834192221506295
2021-08-05 01:00:00,5.419517552190889,1.6836728564571852
2021-08-05 03:00:00,4.103815138914868,1.0351440319379743
2021-08-05 05:00:00,3.5327502861521225,0.935834081970336
2021-08-05 07:00:00,5.299185837167588,1.86422777125938
2021-08-05 08:00:00,6.650692763463429,2.9465216131648337
2021-08-05 10:00:00,4.720017529417831,2.495475796983394
2021-08-05 11:00:00,3.873134320717064,2.2807673312722936
2021-08-05 12:00:00,3.555009241728108,1.7187955628656542
2021-08-05 13:00:00,3.483880258026865,1.610842965081694
2021-08-05 14:00:00,3.888092252846576,1.6876673107329223
2021-08-05 15:00:00,3.0933363465853105,1.3590297488273837
2021-08-05 16:00:00,3.842028720711923,1.5474336068272816
2021-08-05 17:00:00,5.253680090005915,2.052493137627005
2021-08-05 18:00:00,5.270620972986002,2.0015695394147035
2021-08-05 19:00:00,5.49619179971701,1.8938198793556176
2021-08-05 20:00:00,5.222098989907021,1.8229876945364751
2021-08-05 21:00:00,5.20169321323559,1.8214709783814995
2021-08-05 22:00:00,4.879627112355518,1.4851869835003484
2021-08-06 00:00:00,4.350757351567076,1.474946221241726
2021-08-06 02:00:00,4.942498425380123,1.7746758431749428
2021-08-06 04:00:00,4.984730812950438,1.6961044547906587
2021-08-06 05:00:00,5.923465057635454,2.2436471610952533
2021-08-06 06:00:00,7.323120558695514,3.007250717125747
2021-08-06 07:00:00,8.455288950036667,3.9715692090282415
2021-08-06 08:00:00,9.833907966198026,5.692047717262828
2021-08-06 09:00:00,11.70567089956041,8.520563917856641
2021-08-06 10:00:00,9.8082197379331,7.094603058199542
2021-08-06 12:00:00,4.469711025414973,2.4470802630567405
2021-08-06 13:00:00,4.102349906342802,1.7451991607634052
2021-08-06 15:00:00,4.607411635985628,1.736380376449211
2021-08-06 16:00:00,5.096608754765867,2.0345661171699208
2021-08-06 17:00:00,6.656970292281166,2.629864590357403
2021-08-06 18:00:00,6.85518873475872,2.539193216227047
2021-08-06 19:00:00,6.061795754120865,2.055777836108977
2021-08-06 20:00:00,5.085431037152425,1.8325410067522432
2021-08-06 21:00:00,4.277959649923432,1.60684205560856
2021-08-06 22:00:00,3.982956723329188,1.4396887336169466
2021-08-06 23:00:00,4.6941015683355225,1.6702772940234367
2021-08-07 01:00:00,4.764811350674002,1.5894336746185076
2021-08-07 02:00:00,3.776513407115985,1.1622424549655297
2021-08-07 03:00:00,3.506880857671895,1.0607777495751796
2021-08-07 04:00:00,3.4003222849408345,1.048283205372702
2021-08-07 05:00:00,3.869770697911221,1.3930166261982868
2021-08-07 06:00:00,3.3955956583889915,1.0433596312522195
2021-08-07 12:00:00,4.388169394650973,2.555883454807913
2021-08-07 13:00:00,3.7396491897605415,1.989777889011412
2021-08-07 14:00:00,3.3596447542735817,2.0695885884044896
2021-08-07 15:00:00,3.689163905645465,1.689561968293858
2021-08-07 16:00:00,6.253526558379765,2.4020927018397185
2021-08-07 17:00:00,5.362748563972296,1.9628907936504896
2021-08-07 18:00:00,4.282227383568646,1.5779099610687146
2021-08-07 19:00:00,4.5775403262163294,1.498168570395681
2021-08-07 20:00:00,4.568979830801965,1.7116704458106875
2021-08-07 21:00:00,3.799085439643214,1.5303855344667237
2021-08-07 22:00:00,3.655659648682004,1.3778628835486413
2021-08-08 00:00:00,2.673396961669667,0.886539321961628
2021-08-08 01:00:00,2.519348179632658,0.7981628145561028
2021-08-08 03:00:00,2.673651322816589,0.939302669535952
2021-08-08 04:00:00,2.39616562599425,0.8967048973904248
2021-08-08 05:00:00,2.897767758152355,1.158240081108134
2021-08-08 06:00:00,2.598612317855057,0.9861280498835332
2021-08-08 07:00:00,3.4288344679047,1.4560820018543097
2021-08-08 08:00:00,4.446093855144767,2.142374517553393
2021-08-08 10:00:00,3.3668654113407115,2.206253822293609
2021-08-08 11:00:00,3.0012948589603567,2.93397780718422
2021-08-08 12:00:00,2.983182779974875,2.0062215549284184
2021-08-08 14:00:00,2.998696465832872,1.2670432923652784
2021-08-08 15:00:00,3.3234738269406847,1.3959622636530684
2021-08-08 16:00:00,6.179523553736509,2.605057245239929
2021-08-08 17:00:00,7.440298803632292,3.0526584496217417
2021-08-08 18:00:00,5.573889017462012,1.883611110390793
2021-08-08 20:00:00,6.587579732073696,2.3315832665473
2021-08-08 21:00:00,5.432727032349423,1.916843998448356
2021-08-08 22:00:00,3.0264304640608586,1.5014326956512902
2021-08-08 23:00:00,1.7059111825254334,1.1580672946969277
2021-08-09 01:00:00,1.220634157301994,0.8399500133656936
2021-08-09 02:00:00,2.709848567996524,1.7309468588104044
2021-08-09 03:00:00,1.371346002168487,0.8625379367957762
2021-08-09 04:00:00,2.336690181869635,1.4951027879034529
2021-08-09 06:00:00,2.779298430405205,1.6454721490676008
2021-08-09 07:00:00,2.5564666553700235,1.6124380789867736
2021-08-09 11:00:00,2.952055238996678,3.002223513773272
2021-08-09 12:00:00,1.9749531522194983,1.906285912807148
2021-08-09 14:00:00,0.6055447783934156,1.2276001823701306
2021-08-09 15:00:00,1.5048894377872628,1.5776700515835476
2021-08-09 16:00:00,2.960894240972813,2.1985852605500438
2021-08-09 17:00:00,4.196585511962361,2.422212519395508
2021-08-09 18:00:00,4.122097345182262,2.0706705724597487
2021-08-09 19:00:00,5.82076833593878,2.4082804269686298
2021-08-09 21:00:00,4.365836655448391,1.645375097504388
2021-08-09 22:00:00,3.372281510818788,1.1714109266213275
2021-08-09 23:00:00,3.213161424610305,1.2667238152283806
2021-08-10 00:00:00,3.374828908092148,1.3496417416558963
2021-08-10 02:00:00,3.199612007151984,1.3788725336392074
2021-08-10 03:00:00,3.1096802190338124,1.4674001081436088
2021-08-10 05:00:00,3.586698255706402,1.7133495846647908
2021-08-10 06:00:00,5.771201831394858,2.8887191434572976
2021-08-10 08:00:00,4.612013670940662,2.6486466539005624
2021-08-10 10:00:00,3.7182629820955455,3.9492496545037374
2021-08-10 11:00:00,3.341788114316131,3.4929719779110258
2021-08-10 12:00:00,3.6809090611521498,3.61623600449994
2021-08-10 13:00:00,1.971422885500644,2.602685595987936
2021-08-10 15:00:00,1.2461421065478715,1.5731048230118896
2021-08-10 16:00:00,2.250915788572101,1.8218973380032837
2021-08-10 17:00:00,2.7407993648126734,2.155622468505341
2021-08-10 18:00:00,3.763288784314476,2.411055554424512
2021-08-10 19:00:00,4.566635166406513,2.291184891843969
2021-08-10 20:00:00,6.041177478372592,2.635624980857722
2021-08-10 22:00:00,3.5253591949901875,1.5606853733414336
2021-08-10 23:00:00,3.1529830290847016,1.5712291086211403
2021-08-11 00:00:00,3.1599439821848208,1.5100797335953582
2021-08-11 01:00:00,2.658648954870543,1.3614968274568595
2021-08-11 02:00:00,1.9549513703004635,1.2342297415705792
2021-08-11 03:00:00,2.74519705597271,1.5051218874547023
2021-08-11 04:00:00,2.654609841642298,1.5019796588184513
2021-08-11 06:00:00,5.417939566715326,2.959358214981248
2021-08-11 07:00:00,5.402615894361855,3.4403790627830064
2021-08-11 08:00:00,3.290580409199237,3.3250298306303705
2021-08-11 10:00:00,3.26753369903777,3.049345621339301
2021-08-11 11:00:00,3.885358251338083,3.001480715307236
2021-08-11 12:00:00,1.415014458313614,1.537049304857561
2021-08-11 13:00:00,1.439233092630353,1.857104022746592
2021-08-11 15:00:00,0.5154534770945034,1.448847956185534
2021-08-11 16:00:00,1.7643853344291855,1.908662825031422
2021-08-11 20:00:00,4.1064456430435,2.014009260830396
2021-08-11 21:00:00,3.1425027884994208,1.803299614867452
2021-08-11 22:00:00,3.078475989136244,1.6094005387860144
2021-08-11 23:00:00,2.6010568506716893,1.3306209915369496
2021-08-12 01:00:00,1.5134395129726457,1.1716837686444843
2021-08-12 02:00:00,1.538545597263372,1.2212783380188414
2021-08-12 03:00:00,1.408569165165467,1.1861603354459929
2021-08-12 04:00:00,1.3977184466010684,1.238230456097535
2021-08-12 05:00:00,1.6949374793972964,1.4514000915297478
2021-08-12 06:00:00,3.612027819379037,2.3388060353263995
2021-08-12 07:00:00,5.124627305995045,2.919660943578697
2021-08-12 08:00:00,3.2483120824934204,2.4773341101631305
2021-08-12 10:00:00,2.6464840668673446,3.214215068011168
2021-08-12 11:00:00,1.9883789827554423,2.5078334871013173
2021-08-12 12:00:00,1.8837828824376857,2.3330447846209044
2021-08-12 14:00:00,1.3159357471308295,1.7016744680246825
2021-08-12 15:00:00,1.330469988932684,1.6060743758389489
2021-08-12 16:00:00,2.781425368705243,2.2453783569732297
2021-08-12 17:00:00,3.394894849259444,2.284101717782353
2021-08-12 18:00:00,4.316098079244959,2.361914040507754
2021-08-12 19:00:00,3.796247775051554,2.0513142927544985
2021-08-12 20:00:00,5.535807207478232,2.748187591575039
2021-08-12 21:00:00,2.9986983060705867,1.7989801286909857
2021-08-12 23:00:00,1.6122502072234752,1.3416305847788044
2021-08-13 00:00:00,1.9828762835652185,1.474714606702484
2021-08-13 01:00:00,1.5111829359675752,1.1907727794552927
2021-08-13 03:00:00,1.0759750273993731,1.2607929675907843
2021-08-13 04:00:00,1.5595080309904077,1.404901930547162
2021-08-13 05:00:00,3.1112126662026967,2.110280612556469
2021-08-13 06:00:00,2.7856556403634656,1.877247990308431
2021-08-13 11:00:00,1.895468766148774,2.2864195063298483
2021-08-13 12:00:00,1.5512848004126738,1.6196445165494704
2021-08-13 13:00:00,2.208227333227903,1.8316110973876687
2021-08-13 15:00:00,2.9327655018703,2.5479006665815622
2021-08-13 16:00:00,4.431268509929204,2.8328159349768725
2021-08-13 17:00:00,5.022713936205271,2.4670569576095165
2021-08-13 18:00:00,7.844669737068795,3.502291817854855
2021-08-13 19:00:00,6.0527341557366725,2.6189678012047444
2021-08-13 20:00:00,4.1965689851289625,2.030468782722376
2021-08-13 21:00:00,4.387431730114038,2.012801695974948
2021-08-13 22:00:00,4.553470097019385,2.275142547091485
2021-08-14 00:00:00,2.512983798542692,1.3876789770685134
2021-08-14 01:00:00,3.3242000286939017,1.7005851704989472
2021-08-14 02:00:00,2.468855561012113,1.4002247722726342
2021-08-14 04:00:00,2.885408287152565,1.5981883248271578
2021-08-14 05:00:00,2.9613624989532,1.5911552082119875
2021-08-14 06:00:00,3.280892962656324,1.742322961456252
2021-08-14 07:00:00,3.784531827671103,2.1738570881386705
2021-08-14 08:00:00,4.398324312873008,3.0219260122192937
2021-08-14 10:00:00,4.155058035930665,3.716092176581933
2021-08-14 11:00:00,3.849395714410591,3.438742383139357
2021-08-14 12:00:00,2.448486211820139,2.1110925399479417
2021-08-14 13:00:00,1.7390677470596287,1.7688202194456912
2021-08-14 15:00:00,1.7472532173387023,1.6527293032253805
2021-08-14 16:00:00,2.3216297907132173,1.847663227891419
2021-08-14 17:00:00,3.323769040700021,2.223866678078388
2021-08-14 18:00:00,5.091456493077555,2.738897129196429
2021-08-14 19:00:00,5.2255753376683245,2.426238927615957
2021-08-14 20:00:00,3.309947918902381,1.9421492905120503
2021-08-14 22:00:00,2.077345996523832,1.2806022501008592
2021-08-14 23:00:00,2.006521681762031,1.251158495105813
2021-08-15 00:00:00,2.291222551559088,1.281805124926093
2021-08-15 02:00:00,1.7214372692358992,1.0830266743112127
2021-08-15 03:00:00,2.24421663847734,1.2448628859421285
2021-08-15 05:00:00,1.7975593828521994,1.094495416813979
2021-08-15 06:00:00,1.7727529508409745,1.1204137791582918
2021-08-15 07:00:00,2.194416046438306,1.4059747816232702
2021-08-15 11:00:00,2.2810332945240503,2.0274071463395837
2021-08-15 12:00:00,2.4740203418846107,1.8869310549583167
2021-08-15 13:00:00,3.2499961246002016,1.9657322717865453
2021-08-15 14:00:00,4.113432681803339,2.291029375906217
2021-08-15 15:00:00,4.2440517747287885,2.07921395031533
2021-08-15 16:00:00,4.552814261408173,2.045834315172815
2021-08-15 17:00:00,4.268775576537756,1.7933913189760138
2021-08-15 18:00:00,5.341184107429335,2.1973433208718305
2021-08-15 20:00:00,4.017451912598801,1.710155261286714
2021-08-15 21:00:00,3.420559023438713,1.4771050331506324
2021-08-15 22:00:00,3.060575142320737,1.323694009542024
2021-08-16 00:00:00,1.982892718726376,0.9538420287411328
2021-08-16 01:00:00,1.6937326460057207,0.9337393066017752
2021-08-16 03:00:00,1.740649603495413,0.8758347468171666
2021-08-16 04:00:00,2.0253834760977867,0.934352906429872
2021-08-16 06:00:00,4.66563841362046,2.316869031867925
2021-08-16 07:00:00,6.161841304323218,3.3473980908977228
2021-08-16 08:00:00,6.980539183803689,4.18356596939941
2021-08-16 09:00:00,5.615031441314152,4.215197021250619
2021-08-16 10:00:00,4.413291316104477,3.2648111843040466
2021-08-16 11:00:00,3.378541145815681,2.2981615576172216
2021-08-16 12:00:00,4.03462769376479,2.206670815150049
2021-08-16 13:00:00,4.578350212458986,2.0874018307131803
2021-08-16 14:00:00,5.193893126618942,2.545055277698322
2021-08-16 15:00:00,3.860533719926977,1.716289326921817
2021-08-16 16:00:00,4.386970671800746,1.8159816693445103
2021-08-16 17:00:00,4.282557943461008,1.882880333384982
2021-08-16 18:00:00,4.691934596934317,1.936397055818664
2021-08-16 19:00:00,6.510697867400154,2.537819409624016
2021-08-16 20:00:00,6.44057602708445,2.301781257897604
2021-08-16 21:00:00,5.7656783631595445,1.9587037770173907
2021-08-16 22:00:00,5.014703289519503,1.672580063729463
2021-08-16 23:00:00,3.723197780155005,1.2261768182763046
2021-08-17 00:00:00,3.0562012059821413,1.0264873596189157
2021-08-17 02:00:00,2.5024148079110446,0.8985966372748639
2021-08-17 04:00:00,3.044599555648261,1.0997459408489845
2021-08-17 05:00:00,3.6321018080668,1.3938618952481945
2021-08-17 07:00:00,5.3795119791238974,2.2664145925709875
2021-08-17 08:00:00,6.146798179463296,2.726518817606056
2021-08-17 09:00:00,6.191834665385834,3.1010416799940392
2021-08-17 10:00:00,4.761610414022108,2.057136087435097
2021-08-17 11:00:00,4.420104907951277,2.189249121072624
2021-08-17 12:00:00,3.1344307808331067,1.3917511690800093
2021-08-17 13:00:00,3.187510106236552,1.2696281772917053
2021-08-17 14:00:00,2.4171487542803405,1.4440674012854862
2021-08-17 15:00:00,1.8728910103175596,1.989770437465728
2021-08-17 16:00:00,1.2571214377370197,1.552756766657216
2021-08-17 17:00:00,1.608982242243968,1.5670342381813305
2021-08-17 18:00:00,2.603183545540517,1.7556370965238524
2021-08-17 19:00:00,2.1020299924236454,1.2707241873992627
2021-08-17 21:00:00,2.3591547582071186,1.2675562745525752
2021-08-17 22:00:00,1.801068918203697,0.9975665055764448
2021-08-18 00:00:00,1.3267109111909292,0.8635009768863418
2021-08-18 01:00:00,1.1712649044315384,0.8301055312362897
2021-08-18 03:00:00,3.509278063256602,1.779063439596686
2021-08-18 04:00:00,3.01185319063292,1.3696284471102076
2021-08-18 05:00:00,4.253991243307887,1.9102868970136384
2021-08-18 06:00:00,5.578938989933292,2.6200834499599406
2021-08-18 07:00:00,6.262967421000411,2.8385569947737874
2021-08-18 08:00:00,4.074546251673148,2.1482488886079523
2021-08-18 10:00:00,1.7007413636002582,1.9798085078854049
2021-08-18 11:00:00,1.153834798218412,1.8446636989483052
2021-08-18 12:00:00,1.0159505129078923,1.5618835850095805
2021-08-18 14:00:00,0.8692694485584909,1.115941408651098
2021-08-18 15:00:00,2.3284753066000405,1.6324989209239804
2021-08-18 16:00:00,1.9255059324234125,1.4341129189773771
2021-08-18 17:00:00,2.259749875811849,1.3936229064894312
2021-08-18 18:00:00,3.798624541667131,1.835171286305955
2021-08-18 19:00:00,5.933541961251272,2.711224677409434
2021-08-18 20:00:00,6.603162797752816,2.8435982642422104
2021-08-18 21:00:00,5.710172518561553,2.378471357517705
2021-08-18 22:00:00,4.5010153033789,1.9703132984073048
2021-08-18 23:00:00,4.313806261691994,1.827201426548677
2021-08-19 00:00:00,3.696077177070059,1.6807886762881274
2021-08-19 01:00:00,3.403183590803046,1.6022722078569684
2021-08-19 02:00:00,4.007472540750236,1.9227680182836249
2021-08-19 04:00:00,3.0406169343609832,1.5838260055606368
2021-08-19 05:00:00,3.901665721136752,2.169346275596638
2021-08-19 07:00:00,5.28248893862785,3.028886903945558
2021-08-19 08:00:00,5.16906643243172,3.58479416625272
2021-08-19 09:00:00,3.76364264875577,3.787900755819622
2021-08-19 10:00:00,3.938138735753654,4.488545963030307
2021-08-19 11:00:00,2.3656029621351635,3.379782158186754
2021-08-19 12:00:00,2.740664583808716,2.93754378236815
2021-08-19 13:00:00,2.879939053161785,2.7894097635210624
2021-08-19 14:00:00,2.379741110336319,2.287023955193583
2021-08-19 16:00:00,4.023528174649776,2.69167438369388
2021-08-19 17:00:00,4.619056021400283,2.8980643364407666
2021-08-19 18:00:00,4.894557290099215,2.71887843261929
2021-08-19 20:00:00,5.088426040245835,2.616240254821373
2021-08-19 21:00:00,3.692008169356953,2.1296277536598023
2021-08-19 23:00:00,2.7516616894109878,1.9575502729003935
2021-08-20 00:00:00,2.872937492908193,2.097437893235443
2021-08-20 02:00:00,2.467348443956226,1.989484517124381
2021-08-20 03:00:00,1.7954877227870298,1.6800074140928702
2021-08-20 04:00:00,2.0574210194175606,1.7838503149511142
2021-08-20 05:00:00,3.9224423615657713,2.6628426769557016
2021-08-20 06:00:00,4.839007802914189,2.962933133747824
2021-08-20 07:00:00,3.648773641144168,2.2922854519919844
2021-08-20 08:00:00,4.213756087434653,2.7087708830560326
2021-08-20 12:00:00,2.7624392406236,2.7863804094413958
2021-08-20 13:00:00,2.105827894031989,2.2001942750660195
2021-08-20 14:00:00,2.1764749164920545,2.4655433373362503
2021-08-20 15:00:00,1.96287304623808,2.215709921951505
2021-08-20 16:00:00,2.366703549499654,2.353905653705058
2021-08-20 17:00:00,3.486560314396428,2.5857092842695417
2021-08-20 18:00:00,3.727228892375372,2.5139941132662003
2021-08-20 19:00:00,4.131081189680167,2.5993568594585628
2021-08-20 21:00:00,2.258096098983636,1.9632033327939944
2021-08-20 22:00:00,1.7843607829573216,1.9262712225732843
2021-08-21 00:00:00,1.1203356036256835,1.5364659597729224
2021-08-21 01:00:00,2.1243698526196795,2.0782366845627296
2021-08-21 03:00:00,1.0066738578701475,1.4385709718808388
2021-08-21 04:00:00,1.4069891890743804,1.4747550611619868
2021-08-21 05:00:00,1.8099032217114228,1.4191972771320105
2021-08-21 06:00:00,2.474756520887176,1.6708704733806607
2021-08-21 07:00:00,2.613785272176024,1.742275701487
2021-08-21 08:00:00,3.7467024796732815,2.3589994485962515
2021-08-21 10:00:00,4.441233258347701,2.5450860755532507
2021-08-21 11:00:00,4.791706088153816,2.8752717668656533
2021-08-21 12:00:00,2.5268733573272684,2.5190250639214997
2021-08-21 13:00:00,1.8447490862572948,1.9607757211310195
2021-08-21 14:00:00,1.8009985858655568,1.7208252043674066
2021-08-21 15:00:00,2.73475605618772,1.9700204294228365
2021-08-21 16:00:00,2.7210145855594448,1.84809144541392
2021-08-21 17:00:00,3.663579899124322,2.022661561072721
2021-08-21 18:00:00,4.146179229296784,1.7767164221822764
2021-08-21 19:00:00,5.189283642627078,2.20367710750351
2021-08-21 21:00:00,4.467630787245966,1.8534156046020052
2021-08-21 22:00:00,4.0777752146530375,1.6956421141305769
2021-08-22 00:00:00,2.729513482556065,1.2409133571285575
2021-08-22 01:00:00,2.8102831068876526,1.1931172279338047
2021-08-22 02:00:00,3.072397269265508,1.2575340058798918
2021-08-22 04:00:00,2.2181021620168977,0.89372535210414
2021-08-22 05:00:00,2.5947922688069127,1.082970484403213
2021-08-22 06:00:00,2.3930000993613803,1.0878677655788211
2021-08-22 08:00:00,2.969945925477916,1.6431040280651104
2021-08-22 09:00:00,3.481233827995162,2.407578354414713
2021-08-22 10:00:00,2.806739495964933,2.1031630603487987
2021-08-22 12:00:00,1.1592173058421125,2.271667844374989
2021-08-22 13:00:00,1.7715375635885664,2.262433334563088
2021-08-22 15:00:00,2.630844553372434,2.302883871738634
2021-08-22 16:00:00,4.207299797229481,2.785760061514641
2021-08-22 17:00:00,4.435065156207116,2.6132635427477138
2021-08-22 18:00:00,9.16931086205824,4.730098605319066
2021-08-22 19:00:00,5.568037106963736,2.3874709695414014
2021-08-22 20:00:00,5.7858270805150696,2.376504795791617
2021-08-22 21:00:00,5.54030800754262,2.2601940845651223
2021-08-22 22:00:00,4.83460155293097,1.8280949763509489
2021-08-22 23:00:00,4.599048596937287,2.0130744307064066
2021-08-23 01:00:00,2.531486620326156,1.3208319880477382
2021-08-23 02:00:00,2.961012087794259,1.567195828587757
2021-08-23 04:00:00,2.393561624401187,1.4499612142314042
2021-08-23 05:00:00,2.48888910076203,1.5107344950083283
2021-08-23 06:00:00,4.158664063115396,2.4419575118525096
2021-08-23 08:00:00,3.4680041057643365,2.224802159920321
2021-08-23 09:00:00,5.876987100399823,4.1176187063091225
2021-08-23 10:00:00,3.204626382332165,2.3783181861304623
2021-08-23 11:00:00,1.7008714217637646,2.0948928510650817
2021-08-23 14:00:00,1.495697363566066,1.9271174719699071
2021-08-23 15:00:00,2.7658431247269637,2.23449144987582
2021-08-23 16:00:00,3.6082298302130056,2.486295587784545
2021-08-23 17:00:00,3.3498135092647274,1.9052768362986323
2021-08-23 18:00:00,3.453138286114168,1.9072806598603476
2021-08-23 19:00:00,2.813523065540295,1.6708134178402143
2021-08-23 20:00:00,5.468165036112445,2.99891659576604
2021-08-23 21:00:00,4.566342444171497,2.4983520769822123
2021-08-23 22:00:00,3.418041856687971,1.8810860739516744
2021-08-23 23:00:00,2.7657363281743343,1.827071355686604
2021-08-24 01:00:00,0.6675086597895827,1.0357264473429524
2021-08-24 02:00:00,0.7072006312609886,1.0816959749326125
2021-08-24 03:00:00,1.8498030213331589,1.4971332359652954
2021-08-24 04:00:00,1.7904272847796605,1.4829146496818582
2021-08-24 05:00:00,2.098111429098232,1.625310009566629
2021-08-24 06:00:00,3.2501405115450765,2.1320293597809847
2021-08-24 07:00:00,3.086522555652323,2.135270341023128
2021-08-24 08:00:00,3.7056873996379034,2.689667003703404
2021-08-24 10:00:00,0.9894464624233236,2.183825881146357
2021-08-24 11:00:00,0.4941252261621827,2.4907961299759283
2021-08-24 13:00:00,2.1494293859951483,2.734917037379468
2021-08-24 14:00:00,1.5911874951152214,2.0446270838959206
2021-08-24 15:00:00,0.6240687773112157,1.485579394710318
2021-08-24 16:00:00,2.0895976034375394,1.855850450730656
2021-08-24 17:00:00,3.578249871277862,2.305422728715631
2021-08-24 18:00:00,3.798521923095336,1.980563844448799
2021-08-24 19:00:00,4.534334952847175,1.8960946774293053
2021-08-24 20:00:00,5.239864398191756,2.168625264425019
2021-08-24 21:00:00,5.582248047066038,2.440161366435932
2021-08-24 22:00:00,4.229344035144841,1.971032235027448
2021-08-24 23:00:00,3.3352978368071438,1.6341588936450928
2021-08-25 01:00:00,2.595025399093352,1.6249192771495826
2021-08-25 03:00:00,1.914310524037262,1.4251236256281767
2021-08-25 04:00:00,1.879639490745724,1.4419986486930196
2021-08-25 05:00:00,1.816369283506816,1.4801103087847882
2021-08-25 06:00:00,3.0293078267554776,2.147013726402392
2021-08-25 07:00:00,2.6542865329224696,1.943078470285084
2021-08-25 08:00:00,3.1376494626037967,2.2034500477636163
2021-08-25 10:00:00,2.586113050315525,2.780728829639859
2021-08-25 11:00:00,0.3903606747724026,2.4285117279962365
2021-08-25 12:00:00,0.5269438417822272,2.2835468164411004
2021-08-25 13:00:00,1.3373700401290165,2.390272770897769
2021-08-25 14:00:00,1.580674561781464,2.3563150871230216
2021-08-25 15:00:00,2.002848486633944,2.3549448185351243
2021-08-25 19:00:00,4.65452003263443,2.434539645794751
2021-08-25 21:00:00,2.2034854465357654,1.4444635122599112
2021-08-25 22:00:00,4.460066082950199,2.4080319019363423
2021-08-25 23:00:00,3.005236055246684,1.6695679362875882
2021-08-26 00:00:00,2.344648794534848,1.3865521285495572
2021-08-26 02:00:00,3.065004575831054,1.6584954235473723
2021-08-26 03:00:00,3.05462573823295,1.5988715155604056
2021-08-26 04:00:00,4.627804759782734,2.4998103358651487
2021-08-26 06:00:00,8.035946359899505,4.5739324256313285
2021-08-26 07:00:00,4.638973342428983,2.3692915149370624
2021-08-26 09:00:00,6.247777445727053,5.395996491028276
2021-08-26 10:00:00,7.916791412913646,6.456558802041178
2021-08-26 12:00:00,3.4978951338964706,3.887567932870629
2021-08-26 14:00:00,1.2343630573134448,2.622698404215143
2021-08-26 15:00:00,1.210282081378928,2.5047417102938696
2021-08-26 16:00:00,1.7927594459236786,2.427906293986472
2021-08-26 17:00:00,5.229008843627916,3.052232629463678
2021-08-26 18:00:00,6.698761418448694,2.855719852458264
2021-08-26 19:00:00,7.261205753035323,2.7213458868239604
2021-08-26 21:00:00,4.998056989936657,1.7522863105349906
2021-08-26 22:00:00,4.612415764413711,1.6335867815421814
2021-08-26 23:00:00,6.034369001093332,2.220991290904944
2021-08-27 00:00:00,6.522277344640489,2.413668734189788
2021-08-27 02:00:00,3.639811476861489,1.4157869702123744
2021-08-27 04:00:00,5.556959044504772,2.2137294977296738
2021-08-27 06:00:00,10.662701085653588,4.842009712849933
2021-08-27 07:00:00,15.901021791484771,9.59004492330011
2021-08-27 08:00:00,12.238830497472488,8.44926582211681
2021-08-27 09:00:00,10.501208922419044,8.65839810905039
2021-08-27 10:00:00,1.839315038915423,4.001385471784912
2021-08-27 11:00:00,0.0,2.352790210024952
2021-08-27 12:00:00,0.0971699746581364,3.217455931517993
2021-08-27 14:00:00,0.0,0.6474060669699893
2021-08-27 15:00:00,0.0,2.510934519690379
2021-08-27 17:00:00,7.144188893191497,4.022560409857467
2021-08-27 18:00:00,7.831126530697983,3.761049401596529
2021-08-27 19:00:00,8.815784523664245,3.760526294558554
2021-08-27 20:00:00,7.865125044648856,3.219251394913444
2021-08-27 21:00:00,7.219507338564135,2.907161350968588
2021-08-27 23:00:00,5.468273942058215,2.384383955343689
2021-08-28 00:00:00,6.026942903610916,2.539909345552533
2021-08-28 02:00:00,3.330705297329253,1.7805321518078847
2021-08-28 04:00:00,3.0177564677219597,1.7841253917152822
2021-08-28 06:00:00,9.14066759004341,3.943846340003091
2021-08-28 07:00:00,11.815563005277877,6.825013118779941
2021-08-28 08:00:00,9.35310461610123,7.73532134574296
2021-08-28 09:00:00,9.518338182715564,13.687931378586097
2021-08-28 10:00:00,1.220097740712447,6.344337977116291
2021-08-28 14:00:00,0.0,1.8239829534787677
2021-08-28 15:00:00,0.0,2.5077510137130035
2021-08-28 16:00:00,2.8686012025264773,4.345381477834124
2021-08-28 17:00:00,2.7564158745308376,3.1752201488320098
2021-08-28 19:00:00,6.515827252302067,2.902611587622584
2021-08-28 20:00:00,5.535484471022329,2.407551217750036
2021-08-28 21:00:00,6.9148847788785375,2.889360729291917
2021-08-28 22:00:00,7.018638739172776,3.056973039309349
2021-08-28 23:00:00,3.213155713813713,1.960165491723336
2021-08-29 00:00:00,3.1374563913135702,2.075755245425734
2021-08-29 01:00:00,2.9261919614788923,2.079001920534238
2021-08-29 02:00:00,2.860189472573751,2.1502241096579318
2021-08-29 03:00:00,1.8226477136000057,1.9233954196536136
2021-08-29 04:00:00,1.7626501721531795,1.8308584067166465
2021-08-29 05:00:00,2.3871558122245204,2.002706910302587
2021-08-29 06:00:00,3.344340700971948,2.3884477016096324
2021-08-29 07:00:00,3.707302115577626,2.9504182951622
2021-08-29 08:00:00,2.1227005883357464,3.419330994481854
2021-08-29 10:00:00,2.134632362941204,4.533313840451621
2021-08-29 11:00:00,1.213058241409719,3.808358073879688
2021-08-29 12:00:00,1.2252098431180158,3.121871700481795
2021-08-29 13:00:00,1.215116164487604,3.037943576558406
2021-08-29 14:00:00,0.8426144499021291,2.8347638214805366
2021-08-29 15:00:00,2.596565559273444,3.243891245390924
2021-08-29 16:00:00,2.3573215977879016,2.8298210498757728
2021-08-29 17:00:00,3.392445224940033,2.810541182422829
2021-08-29 18:00:00,4.21844982315627,2.8173827500027584
2021-08-29 19:00:00,4.292256245205124,2.479137578056574
2021-08-29 20:00:00,2.4007421277996244,2.0918518577876397
2021-08-29 21:00:00,3.056075359827659,2.326116452093051
2021-08-29 23:00:00,2.284612115300682,1.932049049866252
2021-08-30 00:00:00,3.1374505399423143,2.1117835985993065
2021-08-30 02:00:00,2.7483790578582017,1.8474765717500383
2021-08-30 03:00:00,4.349158797356523,2.362124176149477
2021-08-30 04:00:00,3.21196620039418,2.00641557579183
2021-08-30 05:00:00,2.543459237419817,1.761415090612875
2021-08-30 06:00:00,2.9444102026233097,2.0403406939326945
2021-08-30 07:00:00,3.085744879564814,2.233575730473424
2021-08-30 08:00:00,4.302244744572313,2.8878120335731787
2021-08-30 09:00:00,5.776867693732473,4.216551521825543
2021-08-30 10:00:00,4.02397749579135,3.3854717852093072
2021-08-30 11:00:00,3.1036120301321475,3.7309014927237816
2021-08-30 12:00:00,2.846574427439592,3.737831347279915
2021-08-30 13:00:00,1.8907154677162692,2.959805366285083
2021-08-30 14:00:00,3.453221436455067,3.2388915652984283
2021-08-30 15:00:00,2.977537445534658,2.609538755360754
2021-08-30 17:00:00,3.4384559453481813,2.4831134556054675
2021-08-30 18:00:00,3.3477835821673594,2.2856331730616937
2021-08-30 20:00:00,2.629320797530575,1.892048241771091
2021-08-30 21:00:00,2.0385282896107952,1.7046593910438514
2021-08-30 22:00:00,1.411730178813805,1.5699085295515756
2021-08-30 23:00:00,1.133565398256998,1.4550053389921116
2021-08-31 00:00:00,1.2479842966420662,1.4879383328373703
2021-08-31 01:00:00,0.8574444432541384,1.3796960211917848
2021-08-31 02:00:00,0.8260639670001453,1.4277784167766083
2021-08-31 03:00:00,0.8190623436607467,1.386567822495355
2021-08-31 04:00:00,1.3438314858210134,1.6206293621046846
2021-08-31 05:00:00,2.506245242450973,2.020679963247635
2021-08-31 06:00:00,3.6292334254843936,2.605200782839049
2021-08-31 07:00:00,2.51542965177034,2.393160736627681
2021-08-31 08:00:00,1.579003585555277,2.458343466433479
2021-08-31 10:00:00,1.5552826192371685,2.7033683147668066
2021-08-31 11:00:00,1.206753415950594,2.2807571813185983
2021-08-31 12:00:00,1.554458115119381,2.1117974773152195
2021-08-31 13:00:00,2.3241149020671585,2.197575821952164
2021-08-31 14:00:00,2.4305039892995026,2.231054227272348
2021-08-31 15:00:00,2.7199105164174213,2.3928517733557344
2021-08-31 16:00:00,3.3574165038585235,2.479606533317
2021-08-31 17:00:00,3.084052511415088,2.0909412022448026
2021-08-31 18:00:00,3.537590501155897,1.8116313474844403
2021-08-31 19:00:00,4.447156537294681,1.7957471219511136
2021-08-31 20:00:00,3.8486002831164257,1.6737826994985574
2021-08-31 21:00:00,3.267258241093998,1.9415242578091985
2021-08-31 22:00:00,0.8249902925028465,1.1237812742298534
2021-09-01 00:00:00,0.1900459132005778,1.1866921986744368
2021-09-01 01:00:00,0.0,1.134419241742778
2021-09-01 02:00:00,0.555188882854786,1.328257605243278
2021-09-01 03:00:00,0.6805567464031057,1.3395978976691698
2021-09-01 05:00:00,0.8874906872772144,1.6171440996665554
2021-09-01 06:00:00,0.8743715283602356,1.6986080314618386
2021-09-01 07:00:00,0.7278261692436416,1.8195666531730803
2021-09-01 10:00:00,0.8069962041817362,2.8082455750247792
2021-09-01 11:00:00,0.0,2.119167241187262
2021-09-01 12:00:00,0.0,2.199372032290345
2021-09-01 13:00:00,0.7054788477449065,1.6352462161252457
2021-09-01 14:00:00,0.5410289973629503,1.352912177452596
2021-09-01 16:00:00,2.119167753828151,1.5050680281558342
2021-09-01 17:00:00,3.733710739748908,1.7747133308962897
2021-09-01 18:00:00,4.13968182666185,1.5932271715769488
2021-09-01 19:00:00,3.852710275736953,1.2588636398259094
2021-09-01 20:00:00,3.714266138305789,1.820279757568524
2021-09-01 21:00:00,2.5111902646209288,1.203431394534885
2021-09-01 23:00:00,1.415640943103078,1.0778912652831651
2021-09-02 01:00:00,1.1671594622991392,1.1017949198005272
2021-09-02 02:00:00,0.8599648137670215,1.112005798419747
2021-09-02 03:00:00,0.6049021723126984,1.0971813756021622
2021-09-02 04:00:00,1.827492437317403,1.425831494844128
2021-09-02 05:00:00,2.391723156418905,1.6643135977461645
2021-09-02 06:00:00,4.05966770836293,2.195520747515846
2021-09-02 07:00:00,2.9758674530332314,2.0879497425064493
2021-09-02 09:00:00,3.3953174803679502,3.3021043764255764
2021-09-02 10:00:00,1.6411709580189395,3.2492301068901024
2021-09-02 11:00:00,2.1009412425941747,3.133867879430972
2021-09-02 12:00:00,0.9242671834067124,3.0601298561686336
2021-09-02 13:00:00,0.4849777011576606,2.9620654006386795
2021-09-02 15:00:00,1.3112567348544246,2.1952458124322893
2021-09-02 16:00:00,4.383210464280552,2.796763519029533
2021-09-02 17:00:00,4.976653740208313,2.2544071125536878
2021-09-02 18:00:00,6.383970709107238,2.4396102244915467
2021-09-02 20:00:00,5.51910938643335,2.105265451283001
2021-09-02 21:00:00,3.973752872325512,1.7653361402262
2021-09-02 22:00:00,3.1322388385891813,1.7091697455799757
2021-09-02 23:00:00,5.135017302048446,2.255602863905307
2021-09-03 01:00:00,1.737963333301458,1.719279869678854
2021-09-03 03:00:00,0.6530295708276057,1.7223941788107142
2021-09-03 05:00:00,2.7948475318466137,2.6009033424519656
2021-09-03 07:00:00,2.0896851425984835,1.9751655568201103
2021-09-03 08:00:00,4.157851853596483,3.086233275608212
2021-09-03 09:00:00,5.850954362806704,5.03193460366847
2021-09-03 10:00:00,2.228575078950165,4.49618312495726
2021-09-03 12:00:00,0.0,3.981286903158357
2021-09-03 13:00:00,0.0,2.762842431731767
2021-09-03 14:00:00,0.0,2.2514646671190417
2021-09-03 18:00:00,3.2886817833745496,2.30409995183291
2021-09-03 19:00:00,3.6451893611997264,1.9797113578421075
2021-09-03 20:00:00,4.388326279909727,2.1253530260450963
2021-09-03 21:00:00,4.37405432212681,2.006677616331261
2021-09-03 22:00:00,2.2542543655306844,1.6871826239606351
2021-09-04 00:00:00,0.3290962893537639,1.5414176672750368
2021-09-04 01:00:00,0.3616610760003027,1.6265739826579682
2021-09-04 03:00:00,1.2835789055699962,1.892963968894244
2021-09-04 04:00:00,0.3681568310562468,1.67618855159158
2021-09-04 06:00:00,3.368110564334067,2.0076680137669305
2021-09-04 07:00:00,4.493118964716608,2.9976266285101323
2021-09-04 08:00:00,3.4087417673056706,2.903683091682282
2021-09-04 09:00:00,4.287810854135934,4.060430197139365
2021-09-04 11:00:00,0.0,4.500844663842782
2021-09-04 12:00:00,0.0,3.496359934387491
2021-09-04 13:00:00,0.0,3.203605397119048
2021-09-04 15:00:00,0.0,2.4051999195428424
2021-09-04 16:00:00,0.0,2.0433216293355563
2021-09-04 17:00:00,1.4458981279271017,2.190570607915329
2021-09-04 18:00:00,2.495276960250642,2.189272587158121
2021-09-04 19:00:00,4.175433196802054,2.1173177824155385
2021-09-04 20:00:00,4.521955098276969,2.0150558660229443
2021-09-04 21:00:00,4.580896234231545,2.0488628856668454
2021-09-04 23:00:00,0.7385974877609129,1.6082623404948129
2021-09-05 01:00:00,0.6548281567652268,1.7458613827699452
2021-09-05 02:00:00,0.8052810122601741,1.7516864872541995
2021-09-05 03:00:00,0.7354430842896633,1.6803641217451342
2021-09-05 04:00:00,0.8548332281533675,1.7166705395462352
2021-09-05 06:00:00,1.7652993655188212,1.9250527121456236
2021-09-05 07:00:00,3.3006738142240906,2.5129722773934424
2021-09-05 08:00:00,3.416589132619073,2.8481132520722605
2021-09-05 09:00:00,1.884066219382248,5.177831736687949
2021-09-05 10:00:00,0.5511753613430628,6.935464167131649
2021-09-05 11:00:00,0.5173151849860886,5.249972979808304
2021-09-05 12:00:00,0.0,4.002451238251613
2021-09-05 13:00:00,0.0,3.218363323027697
2021-09-05 14:00:00,0.0,2.405191402029428
2021-09-05 15:00:00,0.0,2.0568879482736757
2021-09-05 16:00:00,1.949928757634304,1.9222339283376648
2021-09-05 17:00:00,4.980097909193248,1.963222021378804
2021-09-05 18:00:00,7.528658196386125,2.100261327259646
2021-09-05 19:00:00,9.261008102037684,2.1552072585502757
2021-09-05 20:00:00,7.4853337107992814,2.0256130172457807
2021-09-05 22:00:00,6.256602834519221,1.5714890636702243
2021-09-05 23:00:00,6.93185493293219,1.95865957254866
2021-09-06 01:00:00,5.96385967743926,2.062703576741461
2021-09-06 02:00:00,5.038962734619048,1.959659276886543
2021-09-06 03:00:00,3.346177635377522,1.6602411956371743
2021-09-06 04:00:00,3.1650541045210616,1.6270960315237406
2021-09-06 05:00:00,5.481470811334297,2.425427238229237
2021-09-06 06:00:00,4.771232752879897,2.171377413107158
2021-09-06 07:00:00,7.749755037333983,3.638320419008864
2021-09-06 09:00:00,6.038592181389127,6.288951884166483
2021-09-06 10:00:00,2.503177211907761,4.813468226233114
2021-09-06 12:00:00,0.0,3.0313496373647504
2021-09-06 13:00:00,0.0,1.6820930329041033
2021-09-06 15:00:00,0.0,1.5269419818398178
2021-09-06 17:00:00,6.779865916478549,1.728982526285815
2021-09-06 18:00:00,9.320405163938569,2.0429360289033447
2021-09-06 19:00:00,10.461833039687832,2.101153677395855
2021-09-06 20:00:00,9.79382422122724,2.012036434552996
2021-09-06 21:00:00,8.548622514761327,1.8162848598063817
2021-09-06 22:00:00,10.436669491578757,2.565719156926664
2021-09-06 23:00:00,6.8892957616984845,1.812404552948751
2021-09-07 00:00:00,4.312658077711312,1.5779886055765175
2021-09-07 02:00:00,2.729140124499665,1.6141431918793394
2021-09-07 04:00:00,2.515560034604654,1.8532152435549107
2021-09-07 05:00:00,9.690874323797566,4.168871555133281
2021-09-07 07:00:00,12.13707965955087,6.558782823800838
2021-09-07 10:00:00,1.8998184406990573,3.3202228982001487
2021-09-07 11:00:00,2.166377444902345,3.187993270154231
2021-09-07 12:00:00,1.461011725283775,2.854399266398664
2021-09-07 13:00:00,1.916701673376913,2.0972187609147133
2021-09-07 14:00:00,3.461489299157954,2.457348509211654
2021-09-07 15:00:00,4.276934969682728,2.890209868535981
2021-09-07 16:00:00,4.179227068845876,2.6634216067482788
2021-09-07 17:00:00,5.683012644328926,2.644697102101933
2021-09-07 18:00:00,5.94205314183079,2.32973018595858
2021-09-07 19:00:00,8.322731070881474,2.832313513604131
2021-09-07 20:00:00,5.733066214062511,2.2955742987419594
2021-09-07 21:00:00,6.435569519390484,2.4885399729945323
2021-09-07 22:00:00,5.138246540448286,2.250370143687392
2021-09-07 23:00:00,4.156014566370708,1.9627551152310403
2021-09-08 00:00:00,4.44578682619089,1.9318041683873908
2021-09-08 01:00:00,4.842291052208232,2.016407892794814
2021-09-08 02:00:00,5.607761250641154,2.2884600986365866
2021-09-08 04:00:00,4.912515249838208,2.25474939001823
2021-09-08 05:00:00,3.4250260065605147,2.1976811671195087
2021-09-08 06:00:00,3.855708024771808,2.314188946050394
2021-09-08 07:00:00,4.751142143740282,3.3752373579959527
2021-09-08 08:00:00,5.423360046969982,4.849251248768981
2021-09-08 09:00:00,7.266954301375293,7.040494681820432
2021-09-08 10:00:00,6.6807441369129,6.198911024670464
2021-09-08 11:00:00,3.615119485036068,4.167550820814306
2021-09-08 13:00:00,1.0015216512616618,2.767818164801205
2021-09-08 14:00:00,1.4331784743168825,2.378801875443997
2021-09-08 18:00:00,5.700372109956831,1.97753212644835
2021-09-08 19:00:00,4.318675063252478,1.7534068925540809
2021-09-08 21:00:00,1.5659390479063973,1.466592073277324
2021-09-08 22:00:00,0.4914450742911,1.5058782034325755
2021-09-08 23:00:00,2.7367741046474805,2.031393517183745
2021-09-09 00:00:00,3.424959084487277,2.09118839217212
2021-09-09 02:00:00,3.120479956712934,2.2138058296991776
2021-09-09 04:00:00,2.178156061481964,1.9357689532483768
2021-09-09 06:00:00,5.492218313339528,3.144732045284128
2021-09-09 08:00:00,2.8372705819078803,2.8586748924297067
2021-09-09 12:00:00,2.7459371390173857,2.61630836837535
2021-09-09 13:00:00,4.106993597242472,2.3391870178911973
2021-09-09 14:00:00,5.117136812572561,2.363016102701703
2021-09-09 15:00:00,4.623560743991689,1.937940659815484
2021-09-09 16:00:00,7.008844331728099,2.1748360326371667
2021-09-09 17:00:00,6.428794613604651,2.081088548529615
2021-09-09 18:00:00,6.049098547882792,1.9730659969236848
2021-09-09 19:00:00,5.125124062296145,1.6608437072385096
2021-09-09 20:00:00,4.614246213700973,1.639574612368012
2021-09-09 21:00:00,4.716430798545112,1.6254099872376615
2021-09-09 22:00:00,3.4972127941875257,1.418413498124076
2021-09-09 23:00:00,2.817656795834558,1.3215404218622029
2021-09-10 00:00:00,2.8334309144983507,1.4073097939777666
2021-09-10 01:00:00,3.548280059654587,1.975695225788194
2021-09-10 02:00:00,3.261214423824363,1.4809099674506434
2021-09-10 03:00:00,3.4540237718230884,1.5965992039794328
2021-09-10 04:00:00,4.467175442334522,2.0209331453094856
2021-09-10 06:00:00,5.101417074065331,2.955009033986564
2021-09-10 07:00:00,8.792440677431635,3.923723079002604
2021-09-10 08:00:00,4.399282885191674,2.602242544129524
2021-09-10 09:00:00,3.404070787195465,2.825024348959322
2021-09-10 10:00:00,3.092054600775576,2.8943411199643845
2021-09-10 11:00:00,1.3566794414297334,2.120046596051747
2021-09-10 12:00:00,0.7784890593630394,2.009035114909522
2021-09-10 13:00:00,1.2189536940658527,2.143636912697425
2021-09-10 14:00:00,1.626319348629245,2.2062627168874043
2021-09-10 15:00:00,2.6142722092005286,2.327479743384868
2021-09-10 16:00:00,2.466344848963025,1.9069351485805557
2021-09-10 17:00:00,3.317900734359412,1.8833088415469053
2021-09-10 18:00:00,3.790760546888088,1.7891415613876709
2021-09-10 20:00:00,3.2196543923925987,1.9654185324763576
2021-09-10 22:00:00,0.9428258235668424,1.5465974341100626
2021-09-11 00:00:00,0.0623086828192285,1.4621053091930083
2021-09-11 01:00:00,0.6255727268385343,1.6368452763786492
2021-09-11 02:00:00,1.3516085441861776,1.7475421502065416
2021-09-11 04:00:00,0.0,1.4549539522535495
2021-09-11 06:00:00,1.1690760450657862,1.725513306663834
2021-09-11 08:00:00,1.181154618361596,2.502690057493965
2021-09-11 10:00:00,1.0391138918333451,3.733479699643391
2021-09-11 11:00:00,0.9425794401579352,3.5820896491731404
2021-09-11 12:00:00,0.5014728530419887,2.464444015884653
2021-09-11 13:00:00,2.187019396141743,1.9353000997273069
2021-09-11 18:00:00,5.235791984110286,1.7399568236606902
2021-09-11 19:00:00,6.045501556458326,1.9748240971607756
2021-09-11 20:00:00,4.160109328251501,1.6692857347592387
2021-09-11 21:00:00,5.049138866079197,1.9311052432165148
2021-09-11 22:00:00,4.819750966501822,1.9608077733616955
2021-09-11 23:00:00,3.233649043167162,1.599640933510544
2021-09-12 00:00:00,4.253355112947894,1.9085611358088064
2021-09-12 01:00:00,3.252545502222624,1.6695412439232993
2021-09-12 02:00:00,2.376626791508258,1.4639378235015017
2021-09-12 03:00:00,2.253227184119609,1.5466532895098366
2021-09-12 04:00:00,1.5816516784682264,1.3837730135615125
2021-09-12 05:00:00,3.7056790357627136,1.9363041624658512
2021-09-12 07:00:00,6.530163333251643,2.953442863629625
2021-09-12 11:00:00,2.0895801880866074,4.1994172060114
2021-09-12 12:00:00,2.058425123956212,3.671304985798677
2021-09-12 13:00:00,0.5286336783784407,2.284372683097386
2021-09-12 15:00:00,4.452102953776127,2.270801110262212
2021-09-12 16:00:00,3.3369238839666693,1.6661890042958594
2021-09-12 17:00:00,4.039569348069648,1.7929742671392948
2021-09-12 18:00:00,6.463838784323713,1.9644929470721508
2021-09-12 20:00:00,4.414647720531029,1.4332492974217936
2021-09-12 21:00:00,4.18871859646854,1.4966496559995963
2021-09-12 22:00:00,4.148631420265723,1.5810128808350674
2021-09-12 23:00:00,4.00439758638732,1.6451124208130483
2021-09-13 00:00:00,2.064970404138492,1.341605740420397
2021-09-13 01:00:00,2.215798391754604,1.5451852209213508
2021-09-13 03:00:00,4.206913133212716,1.9161781973487173
2021-09-13 05:00:00,3.730558989690941,2.1016379322738112
2021-09-13 07:00:00,8.342274769771173,4.432948809504602
2021-09-13 08:00:00,6.617257044479345,4.884098587730286
2021-09-13 11:00:00,3.679278116901429,3.5804608687250745
2021-09-13 12:00:00,3.469495176411826,2.830869697263282
2021-09-13 13:00:00,2.851566825602319,2.170256749821888
2021-09-13 14:00:00,2.269221423609501,1.9880827934368932
2021-09-13 16:00:00,4.110696177502987,1.745861626272342
2021-09-13 17:00:00,6.800869665243347,2.1981010415711184
2021-09-13 18:00:00,7.151788459062807,1.9727117444627125
2021-09-13 20:00:00,6.494685080451305,1.9026272571554692
2021-09-13 22:00:00,5.166716524616092,1.8459794336671944
2021-09-14 00:00:00,4.3523826002987605,1.7886246394764636
2021-09-14 01:00:00,3.624945620252525,1.6197346078101744
2021-09-14 02:00:00,3.73902672302404,1.6654589395351913
2021-09-14 03:00:00,3.2263675065330943,1.5173404428364874
2021-09-14 04:00:00,6.678722243379816,2.43431392661237
2021-09-14 05:00:00,8.727873787136197,3.4670077564668462
2021-09-14 07:00:00,9.70020300533377,4.46017155470717
2021-09-14 08:00:00,4.576324509005914,3.421208211905637
2021-09-14 12:00:00,0.3159768550573503,1.583645793535592
2021-09-14 13:00:00,0.5654246591375696,1.4979790683567529
2021-09-14 14:00:00,0.0,1.260340818203041
2021-09-14 15:00:00,0.9879399961944272,1.457705592955778
2021-09-14 16:00:00,2.727483070665741,1.7695715391329006
2021-09-14 17:00:00,4.257136878909073,2.1599083517387974
2021-09-14 18:00:00,6.144284980853897,2.2663569812159854
2021-09-14 20:00:00,7.011910409317132,2.3856527284026545
2021-09-14 21:00:00,5.615567113143491,2.1751141555375737
2021-09-14 22:00:00,3.232051594431802,1.754455704421019
2021-09-14 23:00:00,1.4226763503696844,1.4455431983310143
2021-09-15 00:00:00,0.6183955430772059,1.3997506579171053
2021-09-15 01:00:00,0.4570036165163458,1.416480236190707
2021-09-15 02:00:00,0.2892178163274934,1.642218935274996
2021-09-15 03:00:00,0.8295002056867773,1.873932259079852
2021-09-15 04:00:00,0.2427179755113186,1.651909252581376
2021-09-15 06:00:00,2.215965440545574,2.282443302812345
2021-09-15 07:00:00,2.608594593856345,2.263004390256528
2021-09-15 08:00:00,2.021692533034617,2.2829497921415403
2021-09-15 09:00:00,1.07078869486687,2.5272825370329657
2021-09-15 10:00:00,0.0,1.9979566179661277
2021-09-15 11:00:00,0.0,2.147291301668889
2021-09-15 12:00:00,0.0,2.072129553384152
2021-09-15 13:00:00,0.0,1.3588750225975312
2021-09-15 14:00:00,0.0,2.068544811054684
2021-09-15 15:00:00,0.0,1.5266183762288217
2021-09-15 16:00:00,0.0,1.1863777036555505
2021-09-15 17:00:00,2.439702184703073,1.6370996030627594
2021-09-15 18:00:00,4.282965655357145,1.9748963505752264
2021-09-15 19:00:00,3.893428587327392,1.7827872752013827
2021-09-15 20:00:00,3.964917234923036,2.3526408981171385
2021-09-15 21:00:00,1.870090666456868,1.681127654503427
2021-09-15 22:00:00,1.2599223560530106,1.432482888915073
2021-09-16 00:00:00,1.025005270084634,1.5419451780362108
2021-09-16 02:00:00,0.1761584745719915,1.4062169351224003
2021-09-16 04:00:00,1.1586240361379223,1.624074143735382
2021-09-16 05:00:00,1.6611496805894674,2.008976111171013
2021-09-16 06:00:00,1.827086772924254,1.9887879903225167
2021-09-16 07:00:00,2.498277002062025,2.1561051089784318
2021-09-16 08:00:00,4.137333801995439,3.2646224082437825
2021-09-16 09:00:00,4.252214185684181,3.7298126092538095
2021-09-16 10:00:00,3.585578452583213,3.0059739000000034
2021-09-16 12:00:00,1.818442666469096,2.5766047611613603
2021-09-16 13:00:00,0.8710003503511246,2.36606327431454
2021-09-16 14:00:00,1.4017046240025903,2.3376998885082725
2021-09-16 16:00:00,4.364479924847053,2.709061659398356
2021-09-16 17:00:00,5.1590434830241705,2.2122879034137624
2021-09-16 18:00:00,6.734847848085472,2.194746166948885
2021-09-16 20:00:00,3.933267157353562,1.1818313606125448
2021-09-16 22:00:00,4.392170106334348,1.868780773566184
2021-09-16 23:00:00,3.915878835564996,1.8975143309886635
2021-09-17 00:00:00,2.3878174665830016,1.2025124071881232
2021-09-17 01:00:00,3.35702064958437,1.576332895660746
2021-09-17 02:00:00,2.415204941560283,1.2539460011334902
2021-09-17 04:00:00,2.821667243474621,1.2976532719021057
2021-09-17 05:00:00,4.396195549341407,1.9089001501859293
2021-09-17 06:00:00,6.836586260328076,3.3603752063300782
2021-09-17 07:00:00,5.713101776450237,2.407141031211815
2021-09-17 08:00:00,7.527123256292796,4.029010377619082
2021-09-17 09:00:00,6.83578461710546,3.733038976073739
2021-09-17 10:00:00,6.552248023418372,3.550968691199479
2021-09-17 11:00:00,4.811693795274117,3.6378224524980913
2021-09-17 12:00:00,2.0792549730456287,2.6659927640707948
2021-09-17 13:00:00,1.9409421157752789,2.104812703438512
2021-09-17 14:00:00,2.590408600725389,2.0063250503614376
2021-09-17 15:00:00,3.015185747315577,1.9799875883716624
2021-09-17 16:00:00,4.199625875156258,2.195499699773089
2021-09-17 17:00:00,5.764155360686807,2.535730700881887
2021-09-17 18:00:00,5.459322449085413,1.864808135790915
2021-09-17 19:00:00,4.714766987971707,1.668562953253022
2021-09-17 20:00:00,4.443774067544602,1.7466421618172236
2021-09-17 21:00:00,2.9359893005107907,1.4840978917827925
2021-09-17 23:00:00,2.491711973013544,1.536861167719017
2021-09-18 01:00:00,2.4163447042521327,1.4672353475135922
2021-09-18 02:00:00,2.828327478451208,1.5325093349943164
2021-09-18 03:00:00,3.4859757324746568,1.8675743844544783
2021-09-18 04:00:00,3.242399040196773,1.7275921343288618
2021-09-18 06:00:00,3.9293507149884377,1.9738002380016344
2021-09-18 08:00:00,6.165015270575189,3.628914941733485
2021-09-18 10:00:00,4.420581042203864,3.1473503154230107
2021-09-18 11:00:00,6.047010585003498,4.458834842294081
2021-09-18 12:00:00,2.917705163173593,3.1165210708893505
2021-09-18 13:00:00,5.047738245413939,3.1669277568763388
2021-09-18 14:00:00,4.081542504679049,2.72188484400934
2021-09-18 15:00:00,5.520529369947461,2.6904694552516277
2021-09-18 19:00:00,7.049345618308557,2.3129481759186774
2021-09-18 20:00:00,6.682799659745768,2.281574321611544
2021-09-18 21:00:00,6.2264022224420685,2.3959038363427485
2021-09-18 23:00:00,5.750841635357226,2.43176222541799
2021-09-19 00:00:00,4.650011361963927,2.1089689528349087
2021-09-19 01:00:00,4.889749262222068,2.4762421634365284
2021-09-19 02:00:00,5.311552519134942,2.525895424763619
2021-09-19 04:00:00,1.6258194277040872,1.588704290439267
2021-09-19 05:00:00,1.442059625998489,1.4425722363763405
2021-09-19 07:00:00,1.5994231928280485,1.84083635684189
2021-09-19 08:00:00,0.0,3.495569053413612
2021-09-19 09:00:00,0.0,3.2997695275470447
2021-09-19 11:00:00,0.0,1.026681375974502
2021-09-19 12:00:00,0.0,0.7045601446179235
2021-09-19 13:00:00,0.0,0.7609188944003049
2021-09-19 14:00:00,0.0,0.5698475390847162
2021-09-19 17:00:00,1.9931861350442688,1.4587845195058111
2021-09-19 19:00:00,5.785709469162917,1.2996261440311343
2021-09-19 20:00:00,7.653654644312589,1.7861025663052172
2021-09-19 22:00:00,12.656863453785263,2.947156569407631
2021-09-19 23:00:00,10.778236006985487,2.294193928027309
2021-09-20 00:00:00,8.818546894146472,1.739427724998925
2021-09-20 01:00:00,7.78632096480932,1.508360040114158
2021-09-20 02:00:00,7.106232932356519,1.346108405303839
2021-09-20 03:00:00,8.208389259299466,1.6478349383488609
2021-09-20 04:00:00,8.39116643591229,1.8429688354920808
2021-09-20 05:00:00,12.19270944489788,3.613827925403081
2021-09-20 06:00:00,16.759493625933622,7.701664111563019
2021-09-20 08:00:00,16.544223452676313,13.248886099479698
2021-09-20 09:00:00,7.856395275468024,10.63079458871282
2021-09-20 11:00:00,0.0,1.765548887622021
2021-09-20 12:00:00,0.0,0.0
2021-09-20 13:00:00,0.0,0.0
2021-09-20 14:00:00,0.0,0.0
2021-09-20 15:00:00,0.0,0.0
2021-09-20 16:00:00,0.0,0.0
2021-09-20 17:00:00,0.0,1.4841941710915785
2021-09-20 18:00:00,9.315017581407377,3.052968444151302
2021-09-20 19:00:00,9.327846557045037,1.8690336823301112
2021-09-20 20:00:00,8.01851203731389,1.278300225462965
2021-09-20 21:00:00,11.539550364514817,2.084601020660293
2021-09-20 22:00:00,12.577889545346103,2.562618985611288
2021-09-20 23:00:00,9.857101399028693,1.847763495398198
2021-09-21 00:00:00,10.496736234563514,1.7107428694621114
2021-09-21 01:00:00,10.782480379799855,1.6592458237933787
2021-09-21 03:00:00,9.359368693947552,1.5771897467449278
2021-09-21 04:00:00,14.37548316797688,3.616615250560605
2021-09-21 05:00:00,19.004866441587183,5.848221912863391
2021-09-21 06:00:00,25.207935935512005,11.35986408175677
2021-09-21 09:00:00,7.688331212116715,15.758612636487078
2021-09-21 10:00:00,0.0,6.243770243355346
2021-09-21 11:00:00,0.0,2.889588804942574
2021-09-21 12:00:00,0.0,0.7896114392587128
2021-09-21 13:00:00,0.0,0.0287026843418369
2021-09-21 14:00:00,0.0,0.0
2021-09-21 15:00:00,0.0,0.0
2021-09-21 17:00:00,2.7870171062302376,2.635265500739973
2021-09-21 18:00:00,9.1710272095901,2.825731999477785
2021-09-21 19:00:00,9.214287109506294,2.435596882094597
2021-09-21 20:00:00,6.541550372916063,1.6229259838927668
2021-09-21 21:00:00,7.116446882894998,1.8612103911670117
2021-09-21 22:00:00,7.054513587859375,1.9998009087733437
2021-09-22 00:00:00,4.585389593631668,1.956299485769108
2021-09-22 01:00:00,4.222037099981513,1.940395706561424
2021-09-22 03:00:00,3.2115387521397167,2.0588091523425125
2021-09-22 05:00:00,8.280650987671471,3.680093778783868
2021-09-22 06:00:00,9.875459880369512,4.433435326497939
2021-09-22 07:00:00,10.523610525442514,5.615896505415728
2021-09-22 08:00:00,8.483996418316941,6.746273918467917
2021-09-22 09:00:00,9.26958185657086,9.368494521615554
2021-09-22 10:00:00,6.451116720614074,7.759590967181992
2021-09-22 11:00:00,4.496120056520276,6.090711380571381
2021-09-22 13:00:00,2.92634316959046,3.978323350684932
2021-09-22 14:00:00,1.988291911045863,3.1380012064928264
2021-09-22 15:00:00,2.4813623544675494,2.830933869230383
2021-09-22 16:00:00,4.647333734777973,3.202657630223764
2021-09-22 17:00:00,4.1895515725892025,2.5592280965711307
2021-09-22 18:00:00,5.184156627562132,2.0281587424429564
2021-09-22 19:00:00,5.700865050456521,1.8822985717845588
2021-09-22 20:00:00,3.677419416245961,1.8039765524985147
2021-09-22 21:00:00,0.920532672882196,1.5179577065420256
2021-09-22 22:00:00,0.0,1.7219791557265614
2021-09-22 23:00:00,1.4098683921239044,2.048666273026752
2021-09-23 00:00:00,1.6149062141406958,2.294318697087288
2021-09-23 01:00:00,0.6665994479229838,1.7997751578311594
2021-09-23 02:00:00,0.0,1.6536813320077943
2021-09-23 04:00:00,2.163383068309294,2.3572331463665908
2021-09-23 05:00:00,3.189952908345603,2.640027945739976
2021-09-23 07:00:00,10.564128061912392,4.988782537195409
2021-09-23 09:00:00,6.457462310529856,10.482374247711215
2021-09-23 10:00:00,5.693531572768897,9.052759172282348
2021-09-23 12:00:00,3.0971712235735893,6.476179647540391
2021-09-23 13:00:00,0.0,4.566458203013658
2021-09-23 15:00:00,0.0,3.2318214768352327
2021-09-23 16:00:00,2.1100180431054696,2.650554771693043
2021-09-23 19:00:00,8.898628760358505,2.5845336324926955
2021-09-23 20:00:00,8.733869770361814,2.4856132190481244
2021-09-23 21:00:00,6.555720499813489,2.101388832681291
2021-09-23 22:00:00,4.612927370208716,1.8902942624788364
2021-09-23 23:00:00,5.583587063140548,2.2465212654689584
2021-09-24 00:00:00,5.944356265537557,2.347816594248742
2021-09-24 01:00:00,5.903059421242723,2.3281367241139383
2021-09-24 02:00:00,4.520395835840226,2.2185547017188103
2021-09-24 04:00:00,8.041180800755853,3.2437049247746206
2021-09-24 06:00:00,5.0312568277903935,2.7802308742924997
2021-09-24 07:00:00,9.189261461587408,4.425701141803557
2021-09-24 08:00:00,6.127382989231158,4.673878688758219
2021-09-24 10:00:00,2.0044476263560327,3.916448749693552
2021-09-24 11:00:00,1.2181553630338584,3.1727981993490797
2021-09-24 12:00:00,1.7014822624951478,2.768310336232584
2021-09-24 13:00:00,2.301271517174321,2.8989103516887003
2021-09-24 14:00:00,0.5187596943506065,2.3464137559107807
2021-09-24 15:00:00,1.776196187992305,2.4892878672994856
2021-09-24 16:00:00,1.957149167726179,2.482867369140377
2021-09-24 17:00:00,3.185060115573279,2.6529146046567167
2021-09-24 18:00:00,4.679010359697621,2.2603925036483483
2021-09-24 19:00:00,5.406677791466869,2.252451356120208
2021-09-24 20:00:00,4.543643249606809,1.9919881725984965
2021-09-24 21:00:00,4.187697041529553,1.9941322797584384
2021-09-24 22:00:00,1.9678922217387225,1.8926189891867489
2021-09-24 23:00:00,1.5198194860657637,1.794948444126398
2021-09-25 00:00:00,1.3024292804950903,1.8900122637258772
2021-09-25 01:00:00,0.11130569274993,1.6739454310037158
2021-09-25 02:00:00,0.4389384788099235,1.7746938260876493
2021-09-25 04:00:00,0.2101744369367821,1.8039864592187935
2021-09-25 05:00:00,0.4225778321982929,1.7629769967848974
2021-09-25 06:00:00,0.7729069620680917,1.6590322901959953
2021-09-25 07:00:00,1.8729343799565328,1.9855167575223875
2021-09-25 08:00:00,3.8869594060212975,2.6979695891567843
2021-09-25 09:00:00,6.222725631754607,4.05190124999447
2021-09-25 10:00:00,3.155367904559043,3.1641146215868776
2021-09-25 11:00:00,0.7872437172552864,3.675842032573773
2021-09-25 12:00:00,0.2935919149118007,4.307273566039061
2021-09-25 13:00:00,0.1139087431627174,2.9905097858400067
2021-09-25 14:00:00,1.087623735475958,2.628997261976555
2021-09-25 15:00:00,2.147214148673669,2.5192218027041338
2021-09-25 16:00:00,3.77642668047978,2.7213878483393743
2021-09-25 17:00:00,3.197453481616371,2.1788494935865
2021-09-25 18:00:00,3.855174476204106,2.190791134663706
2021-09-25 20:00:00,2.731330222979416,1.728622108344541
2021-09-25 22:00:00,1.8531989506309896,1.6795633438117514
2021-09-25 23:00:00,0.7563101259880725,1.4071989252205523
2021-09-26 00:00:00,0.96243919586518,1.5207063511613963
2021-09-26 01:00:00,0.7279233170604655,1.4332420059748352
2021-09-26 02:00:00,1.026147295162552,1.3947882070330302
2021-09-26 03:00:00,0.5735074289650228,1.3626446906587666
2021-09-26 04:00:00,0.4735778145461395,1.289568758178747
2021-09-26 05:00:00,0.551987915219847,1.4204700344452723
2021-09-26 06:00:00,1.1198158460045349,1.6947202277449638
2021-09-26 07:00:00,1.4164077227974872,1.740086611952621
2021-09-26 08:00:00,0.8856129979714993,1.736904361483639
2021-09-26 11:00:00,0.0,2.7388942243580816
2021-09-26 12:00:00,0.0375258270451723,2.403669019200388
2021-09-26 13:00:00,0.0,2.10397929429835
2021-09-26 14:00:00,0.5704932839996246,1.9366864586560195
2021-09-26 16:00:00,2.4791893513405228,2.30445770156231
2021-09-26 17:00:00,4.72794646491878,2.345994790483821
2021-09-26 18:00:00,6.5129142096624335,2.0249035921522145
2021-09-26 20:00:00,4.315750431735665,1.2808095715087082
2021-09-26 22:00:00,2.920401146578243,1.0978818256998992
2021-09-27 00:00:00,3.987905158900631,1.741105319578121
2021-09-27 01:00:00,3.0330952860876152,1.3809256281039803
2021-09-27 02:00:00,4.550557740116837,1.8757735287752464
2021-09-27 03:00:00,3.8547057377789775,1.6565611578556307
2021-09-27 04:00:00,3.326180378877126,1.5403808889792496
2021-09-27 05:00:00,5.352285590890517,2.237343672473091
2021-09-27 06:00:00,6.93578053241373,2.857997890644091
2021-09-27 07:00:00,10.12697613983213,4.162334187492778
2021-09-27 08:00:00,7.613705456715735,3.61129076398697
2021-09-27 10:00:00,10.488719793037284,7.095308726468042
2021-09-27 11:00:00,5.513153426215922,3.656050797818808
2021-09-27 12:00:00,6.151383638334458,3.191062988873396
2021-09-27 13:00:00,6.471519729677887,3.750875069235315
2021-09-27 14:00:00,7.710336631898684,3.47363018957331
2021-09-27 15:00:00,9.075800856079866,4.12745245923815
2021-09-27 16:00:00,8.704366740733285,2.7227696656801395
2021-09-27 17:00:00,9.191181405347317,2.6915587483393213
2021-09-27 19:00:00,7.881378905069369,2.2696181050470967
2021-09-27 20:00:00,5.440906238526857,2.5218502612601914
2021-09-27 22:00:00,1.1277390049727103,1.545273888552561
2021-09-27 23:00:00,1.276385665210455,1.4272249376317938
2021-09-28 00:00:00,0.8447919882222621,1.1118504978856592
2021-09-28 01:00:00,0.5942241298338402,0.9224120016963306
2021-09-28 02:00:00,0.6692205976972403,0.9021841630902828
2021-09-28 03:00:00,0.6969347258449758,1.164223664716272
2021-09-28 04:00:00,1.8885470948287877,1.050872592642433
2021-09-28 06:00:00,2.532811653811237,1.2313961873509034
2021-09-28 08:00:00,0.1873640941697445,2.036631204928956
2021-09-28 10:00:00,0.0,2.396516455416758
2021-09-28 11:00:00,0.0,1.7575194326970769
2021-09-28 12:00:00,0.0,1.5526970911133249
2021-09-28 13:00:00,0.0,1.341619951793959
2021-09-28 15:00:00,1.788738679662771,1.927111121955327
2021-09-28 16:00:00,0.0,0.3611966572868368
2021-09-28 18:00:00,7.1810874367346,1.0305488452079368
2021-09-28 19:00:00,7.073210323239174,0.907634851495272
2021-09-28 21:00:00,13.220063144119967,3.1787660388456445
2021-09-28 23:00:00,14.08986849458227,2.9932138345800423
2021-09-29 00:00:00,11.32049104065868,1.959694602923104
2021-09-29 02:00:00,12.265180521474008,2.3730713171484887
2021-09-29 03:00:00,9.64101866441544,1.6810245678422748
2021-09-29 05:00:00,13.42156323741336,3.3663256400305936
2021-09-29 06:00:00,15.960081828532095,5.468389216214053
2021-09-29 09:00:00,9.655730017639549,9.118035449296183
2021-09-29 10:00:00,2.825921257317738,5.76299031396181
2021-09-29 11:00:00,2.6751303798465216,4.683966019648036
2021-09-29 12:00:00,7.276076231155862,4.978638555391269
2021-09-29 13:00:00,7.210349663759246,3.656338543854564
2021-09-29 14:00:00,4.879335720976712,3.546912325022938
2021-09-29 15:00:00,3.5585944331268493,2.81729091246758
2021-09-29 16:00:00,0.8310523673611243,1.2446084190479887
2021-09-29 17:00:00,5.035732154785364,1.956941195407632
2021-09-29 18:00:00,10.404802772801132,2.378762667904425
2021-09-29 20:00:00,11.501678369093431,2.212192158622592
2021-09-29 21:00:00,10.82919542670021,2.235288675374849
2021-09-29 23:00:00,11.995785666330375,3.056113276929824
2021-09-30 00:00:00,16.022299707869664,4.022095136029955
2021-09-30 01:00:00,17.652733080589528,4.436899744723128
2021-09-30 03:00:00,11.092066915255144,2.386084691626626
2021-09-30 04:00:00,10.031575575973632,2.3055647134837263
2021-09-30 05:00:00,13.13765608601632,3.706444569487992
2021-09-30 06:00:00,14.361831053428034,4.397621146234286
2021-09-30 08:00:00,16.09025232575786,10.460322198955126
2021-09-30 09:00:00,10.974967177617197,10.239462746836407
2021-09-30 10:00:00,5.759841476303343,7.429078443504082
2021-09-30 11:00:00,0.5215787346247467,5.09922162118886
2021-09-30 12:00:00,0.0,2.648832143635735
2021-09-30 13:00:00,0.0,1.3506168305110602
2021-09-30 14:00:00,0.0,1.7094767477061337
2021-09-30 16:00:00,2.6251479380384097,2.163171469443014
2021-09-30 17:00:00,11.013162401799631,2.677045562427641
2021-09-30 18:00:00,14.877615361641674,2.4722856562748388
2021-09-30 19:00:00,13.940351466392444,1.574535052426048
2021-09-30 20:00:00,12.508182796330397,1.186523992318005
2021-09-30 22:00:00,9.517898962702638,1.2271457006071391
2021-09-30 23:00:00,6.236922676429636,0.703571767621515
2021-10-01 00:00:00,7.39605697738488,1.3477319786584656
2021-10-01 01:00:00,9.60764418313058,2.050254828688
2021-10-01 02:00:00,11.222474046491378,2.8911554830496446
2021-10-01 04:00:00,12.481273993571442,3.9069444001523577
2021-10-01 05:00:00,13.781735468348684,4.704629088760769
2021-10-01 06:00:00,14.39805984049407,5.288038984658513
2021-10-01 07:00:00,24.69598494932432,16.37074126597281
2021-10-01 09:00:00,12.62615148889246,10.144043845586348
2021-10-01 10:00:00,6.842976162131038,7.207325945695425
2021-10-01 12:00:00,0.0,5.067324676345768
2021-10-01 14:00:00,0.0,1.8540564380182485
2021-10-01 15:00:00,0.0,1.07282206281271
2021-10-01 16:00:00,0.0,2.475187399551434
2021-10-01 17:00:00,9.910680543183853,3.3163122927606445
2021-10-01 18:00:00,14.03068158711752,2.973111868508333
2021-10-01 20:00:00,16.773826061940284,3.365723510183029
2021-10-01 21:00:00,17.79205942311534,3.9292915200759295
2021-10-01 22:00:00,12.487585256361626,2.2505582854619197
2021-10-01 23:00:00,11.26095359947869,2.237244649475516
2021-10-02 00:00:00,8.497698368520084,1.6807046765981308
2021-10-02 01:00:00,9.140993335637468,2.142136995567248
2021-10-02 02:00:00,6.861246405033228,1.8348603607421148
2021-10-02 04:00:00,10.366469671724786,3.0072855649412915
2021-10-02 05:00:00,6.575756189230312,2.930872929601469
2021-10-02 06:00:00,9.784249096992532,3.707477190000026
2021-10-02 08:00:00,10.840697666345214,7.547622273432811
2021-10-02 10:00:00,2.325492661659503,7.497592347249235
2021-10-02 12:00:00,0.0,5.169217718138176
2021-10-02 13:00:00,0.0,4.356090622716195
2021-10-02 14:00:00,0.0,2.565543374995379
2021-10-02 15:00:00,0.0,1.7526670268368911
2021-10-02 16:00:00,0.0,1.876061898775264
2021-10-02 17:00:00,7.545133464648863,3.022935299702368
2021-10-02 18:00:00,14.47389501752064,2.687847468397893
2021-10-02 19:00:00,13.11203597901774,1.6461254701571495
2021-10-02 21:00:00,17.072213555242406,3.5451962139720923
2021-10-02 22:00:00,16.205479376021728,3.779031773261336
2021-10-02 23:00:00,12.499308661920708,2.7409988158506744
2021-10-03 00:00:00,9.107797945070352,2.173701371641501
2021-10-03 01:00:00,10.397650488866418,2.782038631618615
2021-10-03 02:00:00,12.252469450119314,3.5206787228714047
2021-10-03 04:00:00,11.09655190390719,3.0038304145955017
2021-10-03 06:00:00,6.728009248416122,3.179282844546437
2021-10-03 07:00:00,8.948103525407241,4.720331848502834
2021-10-03 08:00:00,4.943449312228033,7.3720566598937936
2021-10-03 09:00:00,9.837776766531192,10.792904671394734
2021-10-03 10:00:00,4.721017086960494,9.024855470282295
2021-10-03 12:00:00,0.0,6.17081245567126
2021-10-03 13:00:00,0.0,5.7981819911930135
2021-10-03 16:00:00,0.0,2.4559734026286417
2021-10-03 19:00:00,15.356816503222518,2.586387518927015
2021-10-03 20:00:00,19.177737681048683,3.998109974196481
2021-10-03 21:00:00,18.171295835972277,4.040694184431808
2021-10-03 22:00:00,16.868840238901143,3.897058173368245
2021-10-03 23:00:00,12.903437718402593,2.8052633422358366
2021-10-04 00:00:00,13.176981682709112,3.115459032210038
2021-10-04 01:00:00,16.834049123884995,4.633452127186735
2021-10-04 02:00:00,13.208120624632636,3.460240278607823
2021-10-04 03:00:00,13.081220704201378,3.5491094799944443
2021-10-04 04:00:00,11.842008839245176,4.106740339869697
2021-10-04 05:00:00,12.538652311457462,5.683201616686896
2021-10-04 07:00:00,15.60744676926624,8.26122050405456
2021-10-04 08:00:00,17.34121623388102,11.255514690375854
2021-10-04 09:00:00,10.975000570649,10.014815342277466
2021-10-04 10:00:00,6.1881271882882345,9.814925717536315
2021-10-04 11:00:00,0.3457009027517301,11.269080893568184
2021-10-04 13:00:00,0.0,6.597792029867279
2021-10-04 14:00:00,0.0,4.223888847177438
2021-10-04 15:00:00,1.8513332061229375,3.33657940523643
2021-10-04 16:00:00,4.508457038656566,4.12906957225464
2021-10-04 17:00:00,7.400876675292352,2.8035063425327817
2021-10-04 18:00:00,9.21274251696478,1.9755331573055703
2021-10-04 20:00:00,6.2567776311140335,1.0435750344215633
2021-10-04 21:00:00,4.44296845637512,1.0341724035669149
2021-10-04 23:00:00,3.278836833509267,1.4186581034444443
2021-10-05 00:00:00,1.4584696444789174,1.3720142288559942
2021-10-05 01:00:00,0.8803206369183272,1.3421990739299698
2021-10-05 02:00:00,1.1111268389110691,1.5897509502837952
2021-10-05 03:00:00,1.5325864405016318,1.6708752452604998
2021-10-05 04:00:00,2.7868418951716265,1.926104834618363
2021-10-05 06:00:00,5.162428285881752,3.267063435276554
2021-10-05 08:00:00,4.602738708886136,4.410205497120586
2021-10-05 10:00:00,0.0,5.311119734559582
2021-10-05 11:00:00,0.1912352017617777,6.692985680870807
2021-10-05 12:00:00,2.118455214992885,4.092065313643285
2021-10-05 13:00:00,1.64475992417033,2.8113971903158013
2021-10-05 18:00:00,8.510074641777521,3.021780762744018
2021-10-05 19:00:00,10.15069002899076,3.023727774721112
2021-10-05 20:00:00,7.950246538596552,2.232424178059815
2021-10-05 22:00:00,5.581399959144264,1.9133314621796207
2021-10-05 23:00:00,5.116103108683859,1.6339557741654225
2021-10-06 00:00:00,5.9891449862576,1.785335390290138
2021-10-06 01:00:00,3.0308741529097603,1.3144409202572434
2021-10-06 02:00:00,1.8767443387754952,1.31334320703444
2021-10-06 03:00:00,2.2833290696649517,1.5341102532551942
2021-10-06 04:00:00,1.3491331201068064,1.4932123934235266
2021-10-06 05:00:00,1.8088350758231115,2.0745452750492075
2021-10-06 06:00:00,4.62750252681127,3.48675599824226
2021-10-06 07:00:00,5.432007142763119,4.022251219770577
2021-10-06 08:00:00,3.987771427861461,2.7110564750607096
2021-10-06 09:00:00,5.478483907139356,4.150022403002758
2021-10-06 10:00:00,3.2854339663273397,3.0830477242317738
2021-10-06 11:00:00,2.010925588616189,3.5177368625565606
2021-10-06 12:00:00,2.0470676201166427,3.160004936129988
2021-10-06 13:00:00,2.019438181117522,2.811756972671726
2021-10-06 14:00:00,2.6915834042741835,2.2630121691422063
2021-10-06 15:00:00,1.666862915592958,2.378330540551993
2021-10-06 16:00:00,3.09107973756916,2.4671039639978734
2021-10-06 18:00:00,5.790304862157193,2.113683843579205
2021-10-06 19:00:00,7.381976466210496,2.0844281811198693
2021-10-06 20:00:00,10.131254966617584,3.1651282310457365
2021-10-06 22:00:00,5.0106118440794845,1.2279626370926588
2021-10-06 23:00:00,4.419966795622123,1.103638980946298
2021-10-07 01:00:00,2.8155289826947154,1.0176246151958352
2021-10-07 02:00:00,2.473390029511883,1.001359852736538
2021-10-07 03:00:00,3.9714110590646423,1.2837629015714889
2021-10-07 04:00:00,4.2473548000382735,1.534328038775787
2021-10-07 05:00:00,13.086773444263784,7.811894444727182
2021-10-07 06:00:00,11.236606089592506,3.979459261251439
2021-10-07 08:00:00,14.231661437046904,6.934346199384377
2021-10-07 09:00:00,8.31408379323284,6.143506096523339
2021-10-07 10:00:00,14.386284755883189,13.933239276606749
2021-10-07 11:00:00,2.74357661811824,3.32128034007165
2021-10-07 14:00:00,3.692844693715117,2.5188432071431066
2021-10-07 15:00:00,5.611300456622246,2.4574923396019304
2021-10-07 17:00:00,7.8757738829633155,1.802369802656482
2021-10-07 18:00:00,8.977727869543031,1.9797429820519128
2021-10-07 19:00:00,7.376591238147256,1.549163047506385
2021-10-07 20:00:00,5.693098537998836,1.141649314376421
2021-10-07 21:00:00,7.473536324372873,2.529823436530783
2021-10-07 22:00:00,5.903351014372795,1.4515026565947593
2021-10-07 23:00:00,4.741821558186274,1.0522885359495466
2021-10-08 01:00:00,3.2465417685209843,0.8263506326605718
2021-10-08 02:00:00,3.4137961860426884,1.0571476671003763
2021-10-08 03:00:00,2.7744743189154875,1.0685877910520745
2021-10-08 04:00:00,3.210540656941376,0.9852002668166596
2021-10-08 06:00:00,5.144051611795881,2.038783892964707
2021-10-08 07:00:00,5.271799009417613,2.0118115546953743
2021-10-08 08:00:00,5.543545977489004,2.479574657275287
2021-10-08 10:00:00,0.0,4.203812281505472
2021-10-08 11:00:00,0.0,2.914872315314003
2021-10-08 12:00:00,1.0009705937849844,1.5305714007175022
2021-10-08 14:00:00,0.344858152669417,0.7166446985699673
2021-10-08 15:00:00,1.7934744074249025,0.674221091254501
2021-10-08 17:00:00,5.608375436156031,0.5676034770671925
2021-10-08 18:00:00,5.750221438726236,0.4112434634000157
2021-10-08 19:00:00,5.504714841703098,0.5714433330195943
2021-10-08 20:00:00,4.93651730972374,0.7561966786271046
2021-10-08 21:00:00,6.33737868194023,1.594874130944546
2021-10-08 22:00:00,4.917495168610095,1.1560619176719638
2021-10-08 23:00:00,4.454279687250505,0.988168937698902
2021-10-09 00:00:00,3.865211440439822,0.8780942610512117
2021-10-09 01:00:00,4.823650296892751,0.9651533945897328
2021-10-09 02:00:00,8.813457648068145,1.8813908828363928
2021-10-09 03:00:00,8.900760755648392,1.7685700459671403
2021-10-09 04:00:00,10.00665576004682,2.1173916409965505
2021-10-09 05:00:00,11.424055800429834,2.765871075050579
2021-10-09 06:00:00,9.850424553807144,2.522136022784052
2021-10-09 07:00:00,12.097319233322423,4.732406176394122
2021-10-09 08:00:00,10.725443799240717,6.61675543982026
2021-10-09 10:00:00,3.365273325465175,4.228366076196657
2021-10-09 11:00:00,1.8151420346763203,3.731445376529763
2021-10-09 12:00:00,0.3230166215552188,2.642759572851529
2021-10-09 13:00:00,0.0,1.1257736568571242
2021-10-09 15:00:00,0.0,1.4237301924204475
2021-10-09 16:00:00,0.0,1.2906282504309756
2021-10-09 17:00:00,0.0,1.1326801535431987
2021-10-09 18:00:00,8.412864675886041,1.8217604793596611
2021-10-09 19:00:00,7.514767616068433,0.5448696844613252
2021-10-09 20:00:00,7.275396151974931,0.5453775439994619
2021-10-09 21:00:00,15.097570712108611,2.6489956648914723
2021-10-09 23:00:00,8.67923562784015,1.0276108350369824
2021-10-10 00:00:00,10.635730981097822,1.8106779547158147
2021-10-10 01:00:00,10.80660104834839,2.3387758691385825
2021-10-10 02:00:00,13.40637991877928,3.449047769757109
2021-10-10 03:00:00,16.31164530261858,3.85260718497004
2021-10-10 05:00:00,10.73153410561116,2.504908764556148
2021-10-10 06:00:00,13.135758407147136,3.384752141292712
2021-10-10 07:00:00,14.948249176639976,5.050447481629911
2021-10-10 08:00:00,10.699509354752491,5.93930022734108
2021-10-10 10:00:00,5.67998469862345,6.248483840821384
2021-10-10 11:00:00,6.140167397120422,6.007475719182503
2021-10-10 12:00:00,4.690430838851967,5.4508097574931735
2021-10-10 14:00:00,1.8432534691446636,3.745788872721433
2021-10-10 15:00:00,4.757781561118968,2.5152886468016096
2021-10-10 16:00:00,4.946144749833472,1.871384823140176
2021-10-10 17:00:00,7.635313579789511,1.8067597694969768
2021-10-10 18:00:00,9.801290735064846,1.3599811351235869
2021-10-10 20:00:00,6.664368873420955,1.2043959760839391
2021-10-10 21:00:00,5.979098868110853,1.4465002407759695
2021-10-10 22:00:00,2.5116828371811337,1.1698618441452966
2021-10-10 23:00:00,3.1360528934535807,1.2234124873741714
2021-10-11 01:00:00,1.053458080361132,1.0442171998046392
2021-10-11 02:00:00,1.4316309559261455,0.9576450281673226
2021-10-11 03:00:00,1.917442962305557,1.1014450083926637
2021-10-11 04:00:00,2.640265525238192,1.1323734736336064
2021-10-11 05:00:00,3.506330346515661,1.170766373523931
2021-10-11 06:00:00,3.9805254494190834,1.1134977407968458
2021-10-11 07:00:00,3.233095659322082,1.2130377213376602
2021-10-11 08:00:00,1.5705521050116855,1.4260808932669256
2021-10-11 10:00:00,0.0178224819543117,2.052777627177472
2021-10-11 11:00:00,0.0,1.9935854838441172
2021-10-11 14:00:00,0.0,1.157207714095414
2021-10-11 15:00:00,0.0,0.971038109186618
2021-10-11 16:00:00,0.0830510542387088,1.0303606953142517
2021-10-11 17:00:00,2.4927819864719183,0.8877012761693674
2021-10-11 18:00:00,4.887172054124797,0.4742384455843285
2021-10-11 19:00:00,6.506378442031043,0.0
2021-10-11 20:00:00,6.16927905718746,0.0
2021-10-11 22:00:00,5.638595662722466,0.0
2021-10-11 23:00:00,5.089621615995114,0.0
2021-10-12 00:00:00,3.7055743241976913,0.3121794841916041
2021-10-12 01:00:00,3.5368754844594505,0.5464600026831825
2021-10-12 02:00:00,5.046372976453512,0.6108333360732503
2021-10-12 03:00:00,5.756279533898372,0.2137433522153791
2021-10-12 04:00:00,3.905519564207012,0.3777604236680556
2021-10-12 05:00:00,5.205121746858509,0.8947384270588081
2021-10-12 06:00:00,5.075042564597361,0.6671065044313544
2021-10-12 07:00:00,4.512832500826711,0.8311047922451427
2021-10-12 09:00:00,1.835253976158228,2.47305592738209
2021-10-12 10:00:00,0.5696331075390049,1.984965030380464
2021-10-12 11:00:00,0.2788634649506889,1.8768752968198736
2021-10-12 12:00:00,0.2228558537891984,1.5818330873182558
2021-10-12 13:00:00,0.0,1.1896608162878222
2021-10-12 15:00:00,0.0,1.5013177829219757
2021-10-12 16:00:00,0.1220262237709732,0.7828991528578331
2021-10-12 17:00:00,5.441349309965062,0.0
2021-10-12 18:00:00,11.039167319462244,0.7847825730368385
2021-10-12 19:00:00,14.91032634999184,1.7338432464114963
2021-10-12 20:00:00,13.779227186183055,1.062792667871867
2021-10-12 21:00:00,16.235999234385744,2.5436875547242783
2021-10-12 22:00:00,15.005742725336042,1.6097565531790388
2021-10-13 01:00:00,9.43815173618826,0.6949502642079177
2021-10-13 02:00:00,7.336605337111131,0.4406254488603831
2021-10-13 03:00:00,7.491038636776189,0.8978714305015465
2021-10-13 04:00:00,8.175709066769016,1.230435904684272
2021-10-13 05:00:00,9.12982153125668,1.9124253579562376
2021-10-13 06:00:00,9.941588645351956,2.404034993062764
2021-10-13 07:00:00,12.458896177021224,3.9060113235243694
2021-10-13 09:00:00,9.748546411426515,4.548178899824205
2021-10-13 10:00:00,8.614474690262291,4.296732647123003
2021-10-13 12:00:00,5.328094373473768,3.3334938322549155
2021-10-13 13:00:00,4.713895714860634,4.219590451921178
2021-10-13 14:00:00,3.2169894835071844,3.184995437067771
2021-10-13 15:00:00,3.719586572647259,3.215441654318965
2021-10-13 16:00:00,5.227907120609501,2.6407008454353083
2021-10-13 18:00:00,7.112927324498635,1.686776544354776
2021-10-13 19:00:00,7.240356877923645,1.6755243537394835
2021-10-13 20:00:00,8.452793732885326,2.116263849311853
2021-10-13 22:00:00,16.82333700316228,4.569510682501171
2021-10-13 23:00:00,16.780164971831574,4.212173757889037
2021-10-14 00:00:00,13.99678171837909,3.1804301020846117
2021-10-14 01:00:00,11.391987502985964,2.2839091109022727
2021-10-14 02:00:00,10.540360236309596,2.124738762703171
2021-10-14 03:00:00,9.315691993187926,1.6223448862296728
2021-10-14 04:00:00,10.085077828799868,2.269631231587205
2021-10-14 05:00:00,11.920774862520432,3.924690885893999
2021-10-14 08:00:00,16.427951356802964,11.398299225293709
2021-10-14 10:00:00,1.2994664075404003,5.101631094057932
2021-10-14 11:00:00,0.0,4.282392866926018
2021-10-14 12:00:00,0.0,2.6864802915497314
2021-10-14 14:00:00,0.0,0.6948728378160813
2021-10-14 15:00:00,0.0,1.51116161107938
2021-10-14 16:00:00,6.086239621793958,1.836966580179539
2021-10-14 17:00:00,11.460961277359177,2.489802688770065
2021-10-14 18:00:00,14.440811483708906,2.1066158677156097
2021-10-14 19:00:00,15.885494538076657,1.9363566594576804
2021-10-14 20:00:00,19.124965689684124,3.415405205746554
2021-10-14 21:00:00,17.150455538007236,3.829423673457005
2021-10-14 22:00:00,14.99578918651138,3.3789560524530646
2021-10-14 23:00:00,13.14628198057651,2.45592387652122
2021-10-15 01:00:00,11.442036995869143,1.7930843087520894
2021-10-15 02:00:00,11.137624619759208,1.7943580576429028
2021-10-15 03:00:00,9.737508621529363,1.5713897243205823
2021-10-15 04:00:00,10.901290707957614,2.218665042063155
2021-10-15 05:00:00,13.226151250873867,3.7873701814481016
2021-10-15 08:00:00,21.13662454838014,13.02622554626919
2021-10-15 11:00:00,6.606901332707416,5.7915329108888205
2021-10-15 12:00:00,0.0,5.0108323305317874
2021-10-15 13:00:00,0.0,3.035216533705311
2021-10-15 14:00:00,0.0,1.8934586199224015
2021-10-15 16:00:00,0.0,1.5046032451878817
2021-10-15 17:00:00,4.550862634305943,2.5356722013924413
2021-10-15 18:00:00,17.578158067879208,3.780214234585765
2021-10-15 19:00:00,19.83578835134159,4.837007515534987
2021-10-15 21:00:00,20.116161150371106,4.566644723831814
2021-10-15 22:00:00,20.569656534551758,5.171966644821804
2021-10-15 23:00:00,15.544151683549757,2.9965795436233
2021-10-16 01:00:00,9.31105315759789,1.6340276703277223
2021-10-16 02:00:00,9.379902189874043,1.9142524738358584
2021-10-16 03:00:00,10.348666916920422,1.603676952821929
2021-10-16 05:00:00,14.691311327048147,3.5871588475773226
2021-10-16 06:00:00,13.966040711695896,2.735502312700908
2021-10-16 07:00:00,17.47638437852364,5.549750198009477
2021-10-16 08:00:00,15.596318510627285,6.851085800283011
2021-10-16 10:00:00,7.36541472512819,10.438205577420185
2021-10-16 11:00:00,0.0,8.85082188548122
2021-10-16 12:00:00,0.0,6.375083109294531
2021-10-16 13:00:00,0.0,3.598329633894732
2021-10-16 14:00:00,0.0,3.117888963174647
2021-10-16 15:00:00,0.0,2.395908858566068
2021-10-16 17:00:00,0.0,3.5653445491233704
2021-10-16 19:00:00,7.723208225305889,1.0431992935878531
2021-10-16 20:00:00,7.513435509996924,1.5208922112719037
2021-10-16 21:00:00,8.348778074473962,2.299512507855521
2021-10-16 22:00:00,15.334072543143051,3.990238323950361
2021-10-16 23:00:00,14.5429596149893,3.4033209905085724
2021-10-17 00:00:00,6.1117889464557535,1.28096725539032
2021-10-17 01:00:00,5.939322353853349,1.6033199150619373
2021-10-17 03:00:00,2.468056788037352,0.9056902982815702
2021-10-17 04:00:00,4.1599781639814495,1.433722660131688
2021-10-17 06:00:00,3.037664311959503,1.8516077772222683
2021-10-17 07:00:00,5.200282145514933,2.352551525496404
2021-10-17 08:00:00,9.64211556703914,4.9328013009320575
2021-10-17 10:00:00,3.87751988561778,4.106718172698031
2021-10-17 11:00:00,4.113132519141324,4.506565794732367
2021-10-17 12:00:00,3.320913524804922,3.934657942044545
2021-10-17 13:00:00,2.0265422042945787,4.172484415596536
2021-10-17 14:00:00,2.2708248034971774,3.345942534586733
2021-10-17 15:00:00,3.315573008739136,2.796268994062049
2021-10-17 17:00:00,5.01335445139479,1.4696975003099613
2021-10-17 18:00:00,3.468111459430304,0.7046450678786893
2021-10-17 19:00:00,4.685727269780564,1.5010556195546938
2021-10-17 22:00:00,2.984245686140973,1.8384185569058824
2021-10-17 23:00:00,2.560673108103778,1.5311979874190575
2021-10-18 00:00:00,2.8332564507245834,1.7876936112021564
2021-10-18 01:00:00,1.9131139715146048,1.6391689963558247
2021-10-18 02:00:00,2.404290485796949,1.522039360173517
2021-10-18 03:00:00,2.5940560202566942,1.5834986302208691
2021-10-18 04:00:00,3.0569689755863365,1.7045223559267049
2021-10-18 07:00:00,7.64215535074316,3.9656054555941584
2021-10-18 08:00:00,7.64886767513628,7.14722946431843
2021-10-18 09:00:00,2.60339539862936,5.208480572413128
2021-10-18 10:00:00,0.9689939100739976,4.2368957139793055
2021-10-18 11:00:00,2.0439373389188944,3.85565067704708
2021-10-18 12:00:00,1.378409199041016,2.3466553870528206
2021-10-18 13:00:00,1.4599637964884025,1.857303994395702
2021-10-18 14:00:00,4.236359451769424,2.898922520046618
2021-10-18 15:00:00,4.527868333331554,3.033874131428157
2021-10-18 16:00:00,3.9832971167816,2.2838197923459496
2021-10-18 17:00:00,6.894844407462863,2.403966717664228
2021-10-18 18:00:00,8.486308300540706,1.7147106931611371
2021-10-18 20:00:00,13.863864833791084,4.044920762881542
2021-10-18 21:00:00,13.064161526641456,3.4542148063832903
2021-10-18 22:00:00,10.096405023709131,2.349303178240871
2021-10-18 23:00:00,12.572687248285298,2.8279314487205567
2021-10-19 00:00:00,9.434479083292755,1.9703300058503368
2021-10-19 01:00:00,8.643263990121106,1.5274934904581956
2021-10-19 02:00:00,8.486262039885538,1.3436173216687508
2021-10-19 03:00:00,8.741228311323276,1.3458656402221545
2021-10-19 04:00:00,10.171434288226024,2.244677280552441
2021-10-19 05:00:00,13.057957290048122,4.496529347861716
2021-10-19 06:00:00,16.7014918328832,7.759898350515504
2021-10-19 07:00:00,16.95635431983539,8.561010496573648
2021-10-19 08:00:00,18.625656923017424,12.326940887555004
2021-10-19 11:00:00,8.075349278256198,7.214829539770912
2021-10-19 12:00:00,7.35535379056676,5.550928817162692
2021-10-19 15:00:00,5.420354560036941,3.1514273442517684
2021-10-19 16:00:00,7.558724685095306,3.386329964179118
2021-10-19 18:00:00,7.205981853930389,2.3811630728053523
2021-10-19 20:00:00,5.000311698810357,1.6001435419265913
2021-10-19 21:00:00,5.870575104961048,2.191577157575931
2021-10-19 22:00:00,4.942787999893348,1.3633321176283268
2021-10-19 23:00:00,6.29381868829325,0.9870458648091712
2021-10-20 00:00:00,4.286108467675241,0.8327246395716841
2021-10-20 01:00:00,4.115245916208345,0.8519120550776416
2021-10-20 02:00:00,3.6497266055284423,0.6151179793263588
2021-10-20 03:00:00,3.225974232583632,0.6898169739952209
2021-10-20 04:00:00,3.657048298782385,0.9000396789287621
2021-10-20 05:00:00,3.616102221404425,1.3187015750867397
2021-10-20 07:00:00,8.656479013355685,3.580872551035392
2021-10-20 08:00:00,10.863163152492769,4.772975549533994
2021-10-20 09:00:00,10.110358375389914,5.230493758931926
2021-10-20 10:00:00,9.925396925425886,3.9287240957879503
2021-10-20 11:00:00,9.845185682401471,3.848107505157612
2021-10-20 13:00:00,8.169099264330363,3.489157579973252
2021-10-20 15:00:00,9.260355370779235,3.887873762834824
2021-10-20 16:00:00,12.809788191034611,5.233541374464252
2021-10-20 17:00:00,14.570647055878965,5.2120344726577255
2021-10-20 18:00:00,10.947855441679016,4.023348761930571
2021-10-20 19:00:00,10.623258176639652,3.534959279731077
2021-10-20 20:00:00,8.745860065890795,2.7950394482847734
2021-10-20 21:00:00,7.718861981532115,2.3719976589398257
2021-10-20 23:00:00,7.637698993041631,2.378349009136554
2021-10-21 01:00:00,4.4232824475203145,1.8207409523554603
2021-10-21 03:00:00,5.533046835773142,2.054051310839403
2021-10-21 04:00:00,5.783180255596577,2.1719251223266243
2021-10-21 05:00:00,6.478966768119037,2.38311398488494
2021-10-21 06:00:00,9.19686328484898,3.683783864610328
2021-10-21 07:00:00,12.010965983648113,5.043968050475296
2021-10-21 08:00:00,13.918665900824443,6.698559320965975
2021-10-21 09:00:00,16.624809853402418,11.2201216054305
2021-10-21 10:00:00,23.64756945743448,20.26246236969947
2021-10-21 11:00:00,12.018770498578178,7.265316540535244
2021-10-21 12:00:00,12.630979932124902,7.052192555599003
2021-10-21 14:00:00,9.716391011103177,4.348001126185199
2021-10-21 15:00:00,8.721525715743283,3.893534684273245
2021-10-21 17:00:00,8.341374356841925,4.260734393389956
2021-10-21 18:00:00,9.106955020270568,4.015357591559731
2021-10-21 19:00:00,8.277839627892455,3.498326226001625
2021-10-21 21:00:00,3.9654820058609994,1.9585963043980168
2021-10-21 22:00:00,4.283681895989595,2.2448261127563534
2021-10-21 23:00:00,4.519418959081143,2.059770789352202
2021-10-22 00:00:00,4.895559485290981,1.9446965629191555
2021-10-22 01:00:00,3.4228239707261423,1.854655480661892
2021-10-22 02:00:00,3.4377707792180985,1.6291270079507023
2021-10-22 04:00:00,3.288276612284598,1.4342810010107192
2021-10-22 06:00:00,3.3370439897016766,2.878065585816052
2021-10-22 08:00:00,7.937109166282781,5.855434553312405
2021-10-22 09:00:00,4.073738649837168,4.688679421349413
2021-10-22 10:00:00,2.90220316702316,4.129828182735507
2021-10-22 11:00:00,1.892970856659652,3.508438895896113
2021-10-22 12:00:00,2.3555181338673066,3.128459067636001
2021-10-22 14:00:00,3.110768308548842,2.552169328111248
2021-10-22 15:00:00,1.2928205403591946,2.448242437811724
2021-10-22 16:00:00,3.568055176726581,2.692005446079089
2021-10-22 17:00:00,5.264504717880001,2.3777923332478443
2021-10-22 18:00:00,8.410176342585395,2.946322098444988
2021-10-22 20:00:00,6.544129511324236,2.4739174839976057
2021-10-22 22:00:00,8.269130960832733,3.0474547639592773
2021-10-23 00:00:00,4.891956097533743,1.9905793720985576
2021-10-23 02:00:00,5.642100355617181,1.989520765682848
2021-10-23 03:00:00,5.318363865471078,2.01981936033926
2021-10-23 04:00:00,6.863934195888945,1.80389504548716
2021-10-23 05:00:00,12.837260810218744,4.339277134693997
2021-10-23 07:00:00,12.108417131765869,4.839389746342814
2021-10-23 10:00:00,5.593656311055433,3.5928424064338014
2021-10-23 11:00:00,2.890419749714645,4.037125180989232
2021-10-23 12:00:00,2.1314785132922367,2.555332944124497
2021-10-23 13:00:00,2.9755282710005844,2.599983625809452
2021-10-23 14:00:00,4.243036797036446,2.594306802368587
2021-10-23 15:00:00,4.524338253065238,2.6721319005975137
2021-10-23 16:00:00,6.493227577194496,2.680293789082038
2021-10-23 18:00:00,7.118239973636072,2.4142036693141424
2021-10-23 19:00:00,4.871892722218369,1.7367691071901743
2021-10-23 20:00:00,4.068497625279711,1.5427102572774891
2021-10-23 21:00:00,3.2145099238100343,1.3387313926542137
2021-10-23 22:00:00,2.821651180381366,1.263750234762469
2021-10-23 23:00:00,2.336055273732242,1.07488695009142
2021-10-24 00:00:00,1.9706209113933824,1.2094323460772154
2021-10-24 01:00:00,1.957197443100391,1.1526972647190878
2021-10-24 02:00:00,1.8686711740990989,1.2178102212855657
2021-10-24 03:00:00,1.1979601282858423,1.1706039766642478
2021-10-24 04:00:00,0.8667422229298367,1.1242358456916215
2021-10-24 05:00:00,0.8028329554020814,1.1467773255210656
2021-10-24 06:00:00,1.3495741113553734,1.1760958362797878
2021-10-24 07:00:00,1.365554116238691,1.3869500565372748
2021-10-24 08:00:00,0.3518285966774712,1.72423638043853
2021-10-24 09:00:00,0.5136558437305112,2.311551525552308
2021-10-24 10:00:00,0.3349049629908478,1.920545722259623
2021-10-24 12:00:00,0.9020538601692536,2.221106727014777
2021-10-24 13:00:00,0.7836743978438889,2.1398164507999
2021-10-24 14:00:00,1.0842473319450292,2.3300249298944373
2021-10-24 15:00:00,0.7277800431200205,2.024615601016276
2021-10-24 17:00:00,1.825603189825685,2.761970191406446
2021-10-24 18:00:00,1.520986141141421,2.790067613181545
2021-10-24 19:00:00,1.913622337743682,2.636485645238272
2021-10-24 20:00:00,1.7463564973579082,2.5975321383180265
2021-10-24 21:00:00,1.1566016326309665,2.377744286631442
2021-10-24 22:00:00,0.0,1.767356915282045
2021-10-24 23:00:00,0.0,1.4745144074192338
2021-10-25 00:00:00,0.0,1.462547162995315
2021-10-25 01:00:00,0.904482467841234,2.286054988853307
2021-10-25 03:00:00,0.0,1.5067774821584905
2021-10-25 04:00:00,0.0,1.8639494459571808
2021-10-25 05:00:00,0.02515545659341,1.9314546465521825
2021-10-25 06:00:00,1.4395358149702204,2.295491241839484
2021-10-25 07:00:00,1.991872640345257,2.2800945936067065
2021-10-25 08:00:00,3.4591086250892715,3.561091539775312
2021-10-25 10:00:00,0.8705191212169794,2.474099745666559
2021-10-25 12:00:00,2.376583676735237,1.547994328895211
2021-10-25 13:00:00,2.711723072778881,1.5195921270780888
2021-10-25 14:00:00,3.1855741422206023,1.919532471154429
2021-10-25 16:00:00,1.4148464147753188,0.7308822286004448
2021-10-25 18:00:00,6.978216709966489,1.0778608072217504
2021-10-25 19:00:00,7.550081211949589,1.270098512852869
2021-10-25 20:00:00,7.506796825384313,1.5565997271863914
2021-10-25 21:00:00,10.430013202884318,2.7752629676272047
2021-10-25 22:00:00,15.543900407733531,4.658522167410172
2021-10-25 23:00:00,12.221800937708728,2.9386464511398485
2021-10-26 00:00:00,9.866779735468974,2.7515266605946618
2021-10-26 01:00:00,8.389455632281205,2.648468771770041
2021-10-26 02:00:00,6.940020651833002,2.0230361722442995
2021-10-26 03:00:00,6.821629842985509,2.031592019803793
2021-10-26 04:00:00,3.629193102369719,1.508887741601747
2021-10-26 05:00:00,8.277739074518635,2.662371728352312
2021-10-26 06:00:00,9.9599969330607,3.268233518659672
2021-10-26 07:00:00,11.964175004858744,4.290945690695752
2021-10-26 09:00:00,13.09629055002707,7.092751294774322
2021-10-26 10:00:00,9.69646049939518,5.100754551925689
2021-10-26 13:00:00,3.168854465730384,3.150266616697669
2021-10-26 14:00:00,0.4916955533154166,1.9883624744807171
2021-10-26 15:00:00,1.3741580252450376,1.448412064545225
2021-10-26 16:00:00,5.532374143055648,2.1813418766215857
2021-10-26 18:00:00,6.4157493589749,1.94716449631557
2021-10-26 20:00:00,4.45773699499982,1.2816655618527255
2021-10-26 21:00:00,4.846827818057264,1.7681197157523845
2021-10-26 22:00:00,3.665387020874654,1.0821618334205527
2021-10-27 00:00:00,10.504290389488707,2.9962192355868025
2021-10-27 01:00:00,4.873053212052653,1.260876310137122
2021-10-27 02:00:00,4.966741464572351,1.31531268513031
2021-10-27 03:00:00,7.8872756958731,1.8150147222450028
2021-10-27 04:00:00,10.747078211693022,2.5709533545279086
2021-10-27 05:00:00,16.01382225906581,6.8480811106931085
2021-10-27 06:00:00,17.802623938668475,8.501189060552871
2021-10-27 08:00:00,16.292283358800397,8.014825292009592
2021-10-27 12:00:00,3.426435847832373,2.097325440780636
2021-10-27 13:00:00,2.467322000596887,1.448608196268601
2021-10-27 14:00:00,2.0243877077400114,1.320002969264519
2021-10-27 15:00:00,0.7393084748367542,1.5677159242292853
2021-10-27 17:00:00,5.219228085811281,2.270395998264324
2021-10-27 19:00:00,15.704481471859856,4.5052915446747885
2021-10-27 20:00:00,21.643278458451466,7.73627389858575
2021-10-27 21:00:00,16.561904672546824,4.940049245883074
2021-10-27 22:00:00,14.731436821945636,4.257791502588184
2021-10-27 23:00:00,11.64020777754093,2.7088160227717424
2021-10-28 01:00:00,12.42888950347028,4.081114404222217
2021-10-28 03:00:00,9.96772501394414,2.7443335339372616
2021-10-28 04:00:00,9.563388597513402,2.2728394281882425
2021-10-28 05:00:00,10.587720011595287,3.4543079434246966
2021-10-28 06:00:00,15.506061665574832,10.370623868200065
2021-10-28 07:00:00,15.373945396016651,9.403199840865993
2021-10-28 08:00:00,14.443679084989393,9.13480388095422
2021-10-28 09:00:00,11.796600896796136,8.096659260507293
2021-10-28 10:00:00,10.654862754000192,6.371459250820942
2021-10-28 11:00:00,8.732081039579391,4.722591966969381
2021-10-28 12:00:00,7.719490771966747,4.418983587856664
2021-10-28 13:00:00,1.6070429213718924,2.240273202278249
2021-10-28 14:00:00,1.3659902765570069,2.105543060423195
2021-10-28 15:00:00,1.2850876042495116,2.3943519598378105
2021-10-28 16:00:00,4.0846595375692445,2.806555776763754
2021-10-28 17:00:00,7.736534650202607,2.540593955986113
2021-10-28 18:00:00,17.253813985000534,5.045700705322062
2021-10-28 19:00:00,17.77271681718866,5.316846466257115
2021-10-28 20:00:00,16.848021969296873,5.059330660271746
2021-10-28 21:00:00,19.127502567583527,6.537322369691792
2021-10-28 22:00:00,16.167271994908205,5.064419100679547
2021-10-28 23:00:00,11.93156196233238,2.558815024569679
2021-10-29 00:00:00,14.335170536117566,3.739863467231001
2021-10-29 01:00:00,10.558526389456148,2.0517574889881627
2021-10-29 02:00:00,11.492417200593104,2.4893208622850524
2021-10-29 03:00:00,12.083876817250776,3.244593738910452
2021-10-29 04:00:00,14.607131771141525,6.59365760680101
2021-10-29 05:00:00,16.447973990195884,9.564945698943648
2021-10-29 06:00:00,21.583297649432215,18.327724111752723
2021-10-29 07:00:00,19.221957205486767,14.162880888737284
2021-10-29 08:00:00,15.07773156592652,8.57710929862248
2021-10-29 09:00:00,12.07078885487735,6.958052298939842
2021-10-29 10:00:00,11.102026203039363,9.992837565568092
2021-10-29 11:00:00,11.721403071147265,8.965675641439706
2021-10-29 12:00:00,3.864127839377368,4.509839136616949
2021-10-29 13:00:00,0.2267035142780074,3.672131945592557
2021-10-29 14:00:00,0.0,2.402275958729384
2021-10-29 15:00:00,0.0,3.303397707708176
2021-10-29 16:00:00,6.75141793569253,4.967986357506998
2021-10-29 17:00:00,13.6888851398381,3.976449893943057
2021-10-29 18:00:00,13.68858002128055,2.919154868530501
2021-10-29 19:00:00,12.291919630854627,2.279763717152865
2021-10-29 20:00:00,10.937912355549209,2.2102503505188937
2021-10-29 21:00:00,9.184763067420851,1.726109587716568
2021-10-29 22:00:00,8.053887555027345,1.6626625406271849
2021-10-29 23:00:00,5.726975225260254,1.156749591103393
2021-10-30 00:00:00,4.9717949328570015,1.133016688681113
2021-10-30 01:00:00,3.5503489985989987,0.927926309646442
2021-10-30 02:00:00,3.425530317266883,0.9045780979566038
2021-10-30 03:00:00,2.742642491066796,0.6822343962148838
2021-10-30 04:00:00,2.80394025503778,0.869973307608553
2021-10-30 05:00:00,,
2021-10-30 06:00:00,5.281163299991739,1.6339296885030103
2021-10-30 07:00:00,5.514867241008645,1.86539065676727
2021-10-30 09:00:00,5.869849020095785,3.47785538158196
2021-10-30 10:00:00,5.916892169580905,4.09373062662839
2021-10-30 11:00:00,8.380216204980691,3.736535050961694
2021-10-30 12:00:00,3.602241883982828,2.4531323958339746
2021-10-30 13:00:00,0.0,2.384361463858041
2021-10-30 14:00:00,0.0,2.281267151436524
2021-10-30 15:00:00,0.0,1.55218577225846
2021-10-30 16:00:00,0.7182861073401767,1.716898766029067
2021-10-30 17:00:00,2.26176748481059,1.7764326344727857
2021-10-30 18:00:00,5.5101794811745535,2.064867858951202
2021-10-30 19:00:00,4.648218849526749,1.906457392325894
2021-10-30 20:00:00,3.810159492660461,1.5895336074885
2021-10-30 21:00:00,5.104319540235778,2.0169525758334963
2021-10-30 23:00:00,3.799368067096715,1.6679955075230142
2021-10-31 00:00:00,2.466548520574378,1.240544781526226
2021-10-31 01:00:00,2.189696595004257,1.2090872779129491
2021-10-31 02:00:00,1.4964350403026287,1.0541484355830248
2021-10-31 03:00:00,3.416076056012521,1.4238737648069937
2021-10-31 04:00:00,3.210814355491572,1.321217479513545
2021-10-31 05:00:00,2.401664362578458,1.1533771861646465
2021-10-31 06:00:00,2.301349460489625,1.1679500906076354
2021-10-31 07:00:00,3.008110275821672,1.4414432539668531
2021-10-31 08:00:00,4.64147369941994,2.1786371122763555
2021-10-31 09:00:00,4.923265921579272,3.385888532616
2021-10-31 10:00:00,1.621524851583963,3.126125365515543
2021-10-31 11:00:00,3.467585484038338,3.260759182094724
2021-10-31 12:00:00,4.104637606404644,2.38995936592186
2021-10-31 13:00:00,3.311820535092359,2.1445202171146818
2021-10-31 17:00:00,8.063768277433475,2.3911276703470525
2021-10-31 18:00:00,7.121223650919234,1.616553688821953
2021-10-31 19:00:00,6.721591613209412,1.42523334698768
2021-10-31 20:00:00,10.203317024435108,2.744467427500376
2021-10-31 21:00:00,10.41236927170594,2.677300528629281
2021-10-31 22:00:00,9.615357905872044,2.0311890032771176
2021-10-31 23:00:00,11.430485377919496,1.972018807540832
2021-11-01 00:00:00,12.641442877580827,2.1878939074365418
